Student.Id,Age,Gender,Study.Hours.Per.Day,Social.Media.Hours,Netflix.Hours,Part.Time.Job,Attendance.Percentage,Sleep.Hours,Diet.Quality,Exercise.Frequency,Parental.Education.Level,Internet.Quality,Mental.Health.Rating,Extracurricular.Participation,Exam.Score,Total.Screen.Time,Responsibilities
S1000,23,Female,0,1.2,1.1,0,85,8,Fair,6,Master,Average,8,1,56.2,2.3,1
S1001,20,Female,6.9,2.8,2.3,0,97.3,4.6,Good,6,High School,Average,8,0,100,5.1,0
S1002,21,Male,1.4,3.1,1.3,0,94.8,8,Poor,1,High School,Poor,1,0,34.3,4.4,0
S1003,23,Female,1,3.9,1,0,71,9.2,Poor,4,Master,Good,1,1,26.8,4.9,1
S1004,19,Female,5,4.4,0.5,0,90.9,4.9,Fair,3,Master,Good,1,0,66.4,4.9,0
S1005,24,Male,7.2,1.3,0,0,82.9,7.4,Fair,1,Master,Average,4,0,100,1.3,0
S1006,21,Female,5.6,1.5,1.4,1,85.8,6.5,Good,2,Master,Poor,4,0,89.8,2.9,2
S1007,21,Female,4.3,1,2,1,77.7,4.6,Fair,0,Bachelor,Average,8,0,72.6,3,2
S1008,23,Female,4.4,2.2,1.7,0,100,7.1,Good,3,Bachelor,Good,1,0,78.9,3.9000000000000004,0
S1009,18,Female,4.8,3.1,1.3,0,95.4,7.5,Good,5,Bachelor,Good,10,1,100,4.4,1
S1010,19,Female,4.6,3.7,0.8,0,77.6,5.8,Fair,1,None,Good,3,0,63.3,4.5,0
S1011,23,Male,3.9,2.4,2.5,0,71.7,7.9,Fair,2,Bachelor,Average,1,0,74.4,4.9,0
S1012,19,Female,3.7,2.1,0.4,1,81.1,4.5,Fair,1,Bachelor,Good,9,0,76.9,2.5,2
S1013,19,Female,3.4,2.7,2.7,0,89.3,4.7,Fair,4,Bachelor,Good,10,0,75.8,5.4,0
S1014,24,Male,2.4,1.5,0.7,0,87.4,6.7,Poor,6,Bachelor,Average,9,0,78.9,2.2,0
S1015,21,Male,3.1,5,1,0,97.5,6.5,Good,6,High School,Average,7,0,74,6,0
S1016,20,Male,1,0.6,0.2,0,92.9,5.6,Poor,3,High School,Poor,8,1,55.2,0.8,1
S1017,24,Female,3.4,2.7,1.2,0,94.7,7.5,Poor,0,High School,Average,1,1,70.8,3.9000000000000004,1
S1018,24,Other,2,4.9,2.9,1,88.3,7.1,Good,2,High School,Good,5,0,43.9,7.800000000000001,2
S1019,19,Male,1.8,2.5,2.4,0,71.1,7.5,Fair,1,High School,Average,2,0,45.3,4.9,0
S1020,22,Female,3.8,2.3,2.9,0,83,6.4,Good,3,Master,Good,1,0,58.5,5.199999999999999,0
S1021,21,Male,5.6,2.1,2.4,0,95.6,7.2,Fair,1,High School,Good,3,0,82.5,4.5,0
S1022,18,Other,4.9,2.3,0.6,0,84.5,6,Fair,3,High School,Average,7,0,98.7,2.9,0
S1023,24,Female,1.1,4.1,1.4,1,90,9,Fair,6,Bachelor,Good,1,0,43.7,5.5,2
S1024,20,Female,2,0,0.9,1,81.8,5.5,Fair,4,Bachelor,Average,2,0,54.9,0.9,2
S1025,22,Male,4.9,4.3,3.3,0,74.7,9,Fair,1,High School,Average,2,1,69.9,7.6,1
S1026,22,Male,2,0.8,0.5,0,83.8,6.5,Good,4,Bachelor,Poor,4,0,73.5,1.3,0
S1027,18,Male,3.2,2.2,2.8,1,88.1,4.8,Fair,5,Bachelor,Average,3,0,71.1,5,2
S1028,24,Male,4.3,2,2.8,1,78.4,8.1,Good,5,High School,Poor,3,1,82.8,4.8,3
S1029,20,Female,2,3.2,3.8,1,82.6,6.7,Poor,6,High School,Poor,10,1,75.7,7,3
S1030,21,Female,3.7,0.6,1.3,0,75.6,7.5,Fair,2,Master,Average,5,0,70.6,1.9,0
S1031,17,Other,1.5,3.1,2.6,1,96.2,8,Fair,4,Bachelor,Average,3,1,51.3,5.7,3
S1032,20,Other,2.6,4.9,4.3,0,82.1,6.9,Good,3,Bachelor,Good,7,0,52.1,9.2,0
S1033,18,Female,4,0.9,1.1,0,99.5,5.8,Poor,2,None,Average,5,0,70.7,2,0
S1034,22,Female,1.1,2.7,0.1,0,100,7.7,Fair,1,High School,Good,4,0,51.2,2.8000000000000003,0
S1035,21,Female,4.2,1.7,0,1,84.2,6.5,Good,1,Bachelor,Average,3,0,72.6,1.7,2
S1036,20,Female,3.5,3,2.6,0,74.9,7.3,Fair,3,High School,Good,4,0,70.7,5.6,0
S1037,17,Male,4.3,2.5,0,1,64.1,3.9,Good,0,High School,Average,2,0,59.4,2.5,2
S1038,17,Male,3.8,1.7,1.4,0,70.3,7,Poor,0,Bachelor,Good,1,0,58.1,3.0999999999999996,0
S1039,19,Male,5.5,3.1,2.3,0,71.3,5.7,Good,1,High School,Average,3,0,82.3,5.4,0
S1040,19,Female,3.7,4.7,2,0,98.8,8.5,Good,6,Bachelor,Good,2,0,69.7,6.7,0
S1041,23,Female,2.9,2.3,2.3,0,86.2,7.2,Good,6,Bachelor,Average,1,0,66,4.6,0
S1042,18,Male,3.7,3.4,2,0,88.9,6.8,Fair,3,High School,Poor,1,1,63.5,5.4,1
S1043,24,Female,4.3,0.9,3.2,0,62.8,7.1,Poor,0,Bachelor,Good,2,0,65.7,4.1000000000000005,0
S1044,20,Female,3.6,1.4,0.8,0,73,5.3,Good,4,High School,Poor,9,0,78.5,2.2,0
S1045,20,Male,3.6,3.1,1.1,0,93.9,8.4,Fair,1,Bachelor,Average,5,1,75.1,4.2,1
S1046,24,Male,2.4,4.3,1,0,87.9,8.9,Poor,5,High School,Average,9,1,71,5.3,1
S1047,23,Female,2.5,2.9,2.7,0,83.5,7,Good,4,None,Good,8,1,59.7,5.6,1
S1048,22,Female,1.4,2.1,2.8,0,90.6,8.4,Fair,3,Bachelor,Good,6,0,52.6,4.9,0
S1049,22,Female,6.1,2.5,2.3,0,100,5.8,Poor,5,High School,Average,1,0,96.5,4.8,0
S1050,23,Female,1.6,1,3.1,0,82.8,5.5,Fair,4,Master,Good,10,1,62,4.1,1
S1051,22,Female,2.5,3.2,0.5,0,85.7,6.5,Poor,0,High School,Average,5,0,59.7,3.7,0
S1052,19,Female,2.4,3.6,3.6,0,86.9,7,Fair,6,High School,Average,1,0,48.4,7.2,0
S1053,20,Female,4.8,2,3.5,0,100,6,Good,0,Bachelor,Good,7,1,70.6,5.5,1
S1054,23,Female,3.1,1.9,2.6,1,64,7.1,Fair,5,High School,Good,10,0,68.1,4.5,2
S1055,20,Male,5.4,2.8,3.8,0,91.8,6.9,Good,2,High School,Good,8,0,87.2,6.6,0
S1056,24,Male,2.5,2,0,0,83.9,5.3,Good,6,Bachelor,Average,8,0,66.7,2,0
S1057,17,Male,3.9,2.4,1.2,0,90.7,7.1,Good,1,Bachelor,Average,7,1,75.2,3.5999999999999996,1
S1058,19,Female,2.2,5,1,0,78.4,7.5,Poor,5,Master,Average,2,1,46.4,6,1
S1059,21,Female,6.7,2.2,2.6,0,84.5,6.7,Good,3,Master,Average,5,1,97.1,4.800000000000001,1
S1060,19,Female,1.7,2.1,0.6,1,92.1,7.9,Fair,1,High School,Average,4,0,61.2,2.7,2
S1061,23,Male,4,1.7,2.6,0,100,5,Fair,4,Bachelor,Good,5,0,75,4.3,0
S1062,21,Male,4.5,3.4,3.3,1,93.1,7.1,Good,6,High School,Good,10,0,94.7,6.699999999999999,2
S1063,17,Male,4.1,2.3,2.6,1,76.5,5.1,Fair,3,Bachelor,Average,9,0,77.6,4.9,2
S1064,23,Male,3.2,1.7,2.1,0,80.8,5.2,Good,3,High School,Poor,4,1,68.6,3.8,1
S1065,18,Female,3.3,4.1,0.7,0,80.5,5.7,Poor,0,Master,Good,8,0,69.6,4.8,0
S1066,20,Male,3.6,4.2,0.9,0,67,5.4,Good,4,Bachelor,Average,8,0,66.5,5.1000000000000005,0
S1067,17,Male,3.3,1.8,3.2,0,81.7,5.8,Poor,0,Master,Good,2,0,62.2,5,0
S1068,20,Female,4.9,0.3,2.7,1,92.3,6.2,Good,0,Bachelor,Poor,6,0,82.1,3,2
S1069,22,Male,6.8,3.7,1.8,0,72.3,7.5,Poor,6,Master,Average,5,0,100,5.5,0
S1070,18,Female,2.7,1.7,1.3,0,95.5,6.1,Poor,2,Bachelor,Good,2,1,59.7,3,1
S1071,18,Female,1.4,3.4,0,0,89.9,4.6,Fair,0,High School,Poor,10,1,55.1,3.4,1
S1072,17,Male,3.4,0.1,0.6,0,77.7,7.9,Fair,1,High School,Average,4,1,77.1,0.7,1
S1073,18,Female,7.4,3.6,3.9,0,83.6,5.5,Fair,3,High School,Average,7,1,97.7,7.5,1
S1074,21,Female,2.3,1,0.4,0,100,6.4,Fair,6,None,Good,1,0,66.9,1.4,0
S1075,18,Female,6,3.4,2,1,92.3,7,Fair,0,Bachelor,Good,9,1,99.9,5.4,3
S1076,20,Male,6,2.5,2.9,0,85.1,6.7,Poor,5,Bachelor,Average,10,1,100,5.4,1
S1077,20,Female,2.7,1.4,0.4,0,82.6,7.8,Fair,1,Bachelor,Poor,1,0,57.2,1.7999999999999998,0
S1078,23,Female,4.4,2,2,1,85.8,7.1,Good,4,Master,Good,5,0,77.3,4,2
S1079,20,Male,5.9,3.3,2.8,1,79.9,5.5,Good,3,Master,Average,7,0,91.6,6.1,2
S1080,23,Male,2.9,2.6,1.8,0,64,9.1,Good,6,High School,Good,8,0,70.7,4.4,0
S1081,20,Other,3.2,3.2,5,0,100,6.7,Good,5,High School,Poor,2,0,57.6,8.2,0
S1082,21,Female,2.6,4.9,0,1,86.6,6.3,Fair,6,High School,Poor,4,0,60.2,4.9,2
S1083,24,Male,2,0.6,3,0,89,7.7,Poor,6,High School,Good,2,1,50.5,3.6,1
S1084,23,Female,2.5,4.4,1.6,0,84.4,6.8,Fair,5,Bachelor,Average,4,0,51.3,6,0
S1085,19,Male,1.7,2.6,2.6,0,77.6,7,Good,4,Bachelor,Good,6,0,53.5,5.2,0
S1086,22,Male,3.6,1.4,2.3,0,83.1,9.5,Good,5,Bachelor,Poor,6,0,79.2,3.6999999999999997,0
S1087,17,Male,2.3,0.9,1,0,69,6.2,Fair,1,Master,Average,2,1,47.2,1.9,1
S1088,20,Male,3.9,2.3,2.1,0,100,6.1,Poor,6,Bachelor,Good,4,0,73.4,4.4,0
S1089,18,Male,1.2,3.6,0,0,72.7,6.6,Poor,4,High School,Average,4,1,41.1,3.6,1
S1090,24,Male,4,2.3,2.5,0,74.7,7.8,Fair,6,Bachelor,Good,1,0,77.8,4.8,0
S1091,20,Female,4.8,4.3,2.1,0,80.6,4.7,Fair,5,High School,Average,2,0,63.4,6.4,0
S1092,18,Male,0.5,0.8,2.5,1,97.9,4.1,Poor,4,High School,Good,3,0,43.9,3.3,2
S1093,22,Male,4.1,2.5,3,0,85.1,5.8,Good,4,None,Good,5,0,70.2,5.5,0
S1094,22,Female,5.3,1,2.2,0,72.6,4.5,Fair,0,High School,Average,8,0,81.3,3.2,0
S1095,22,Male,1.7,2.9,2,0,97.5,6,Good,0,High School,Good,6,0,50.2,4.9,0
S1096,18,Female,6,3.6,0.8,0,92.3,7.1,Good,0,High School,Good,3,0,87.9,4.4,0
S1097,20,Male,4.1,2,1,0,90.4,5.4,Good,5,Bachelor,Average,6,0,80.9,3,0
S1098,22,Male,2.4,0,3.1,0,92.2,4.8,Good,3,Bachelor,Good,7,1,63.9,3.1,1
S1099,21,Male,3.4,2.7,3.4,0,100,6.6,Good,1,High School,Good,6,0,65.6,6.1,0
S1100,23,Male,4.3,3,1.5,0,100,7.5,Good,5,None,Average,10,1,93.2,4.5,1
S1101,18,Male,3.6,3,1.9,0,78.1,4.5,Good,6,Bachelor,Average,6,0,74,4.9,0
S1102,18,Male,4.3,4,0.8,0,100,7.5,Fair,0,None,Average,1,0,60.8,4.8,0
S1103,20,Male,2.1,1.2,3.1,0,88.8,7.5,Good,4,Master,Average,3,0,50.4,4.3,0
S1104,18,Male,3.8,3.3,2.5,0,90,7.6,Good,5,Bachelor,Good,7,0,74.3,5.8,0
S1105,18,Male,1.4,3.9,3.9,1,68.1,8,Good,4,High School,Average,4,1,32.8,7.8,3
S1106,22,Male,3.3,0.4,0.8,0,83.3,9.1,Good,6,High School,Good,4,1,82.3,1.2000000000000002,1
S1107,20,Male,2.1,2.9,1.4,0,76.9,6.1,Fair,4,None,Average,7,0,60.4,4.3,0
S1108,22,Female,2.4,1.9,2.1,0,93.3,6.6,Poor,4,High School,Average,9,1,60,4,1
S1109,23,Female,5.4,2.4,2.5,0,95.7,6,Fair,2,High School,Good,2,0,77.5,4.9,0
S1110,24,Male,5.1,2.9,1.6,0,64.3,6.5,Fair,3,Bachelor,Average,9,1,86.5,4.5,1
S1111,23,Female,4.4,1.9,0.8,0,84.8,8.3,Good,1,High School,Average,3,0,76.9,2.7,0
S1112,24,Female,1.9,1.7,2.8,0,96.2,4.9,Fair,1,Bachelor,Poor,6,1,43.9,4.5,1
S1113,22,Male,3,2.5,2.6,0,83.1,5.5,Fair,0,Bachelor,Average,4,0,51.3,5.1,0
S1114,23,Female,5.3,1.2,0.8,0,92.3,8.2,Fair,2,High School,Average,1,0,83.3,2,0
S1115,20,Female,3.7,1.2,3.3,0,88.5,7.7,Poor,5,None,Good,9,0,82.7,4.5,0
S1116,17,Male,7,3.3,3.1,0,88.4,6.1,Good,5,None,Average,6,1,94.8,6.4,1
S1117,22,Male,4.1,1.1,1.9,0,82.3,7.5,Good,1,None,Good,8,0,80.8,3,0
S1118,24,Female,3.8,3.3,1.9,0,72.8,6.9,Poor,3,Bachelor,Good,2,1,58.3,5.199999999999999,1
S1119,21,Female,3,3.1,2.4,1,73.8,8.3,Fair,4,High School,Average,7,0,66.3,5.5,2
S1120,24,Male,3.7,0.4,0.9,0,92.1,6.6,Fair,6,Bachelor,Average,6,0,87.9,1.3,0
S1121,21,Male,3.3,1.7,1.8,0,85.2,7.7,Poor,0,High School,Good,2,0,60.5,3.5,0
S1122,18,Male,4.6,3.9,0,0,83.6,9.7,Poor,3,High School,Good,2,0,84.8,3.9,0
S1123,23,Female,4.9,1.3,2.8,0,80.8,7.2,Good,1,Bachelor,Average,4,0,77,4.1,0
S1124,21,Female,2.3,1.9,0.1,0,81.9,6.6,Fair,2,Bachelor,Average,4,0,61.7,2,0
S1125,24,Male,1.5,3.1,3.5,0,95.5,7.4,Fair,0,High School,Average,3,0,44,6.6,0
S1126,18,Male,0.7,3.4,1.4,1,81.6,6.1,Poor,1,High School,Poor,8,0,42.4,4.8,2
S1127,17,Female,4.3,2.2,1.6,0,71.6,9.4,Good,5,Bachelor,Good,7,0,88,3.8000000000000003,0
S1128,20,Male,1.8,1.8,1.1,0,92.4,6.7,Good,0,High School,Good,2,0,48.7,2.9000000000000004,0
S1129,20,Male,0.3,4.2,1.5,0,83,6.2,Good,1,High School,Average,3,1,26.8,5.7,1
S1130,20,Female,4.1,4.6,3.4,0,85.3,5.5,Poor,5,Bachelor,Good,10,0,81.6,8,0
S1131,21,Female,7.2,3.7,0,0,100,7.8,Good,6,High School,Good,9,0,100,3.7,0
S1132,17,Female,3.5,2.6,3.2,1,84.8,7.5,Fair,5,Bachelor,Average,5,1,74,5.800000000000001,3
S1133,21,Female,4.8,1.5,2.2,0,87.9,5.9,Fair,4,Bachelor,Poor,2,1,78.4,3.7,1
S1134,23,Male,3.6,1.5,0.5,0,73.2,7.2,Fair,2,Bachelor,Good,3,0,70.7,2,0
S1135,21,Male,3.4,3.1,0.6,0,82.8,4.7,Fair,4,Bachelor,Good,8,0,74.3,3.7,0
S1136,17,Female,4.9,3,3.6,0,91.1,6.7,Good,1,Bachelor,Good,4,0,67.6,6.6,0
S1137,17,Male,3.1,4.2,0.8,0,69.4,7,Good,6,Bachelor,Poor,2,0,64.7,5,0
S1138,23,Male,3.9,3.3,0.5,0,87,8.5,Fair,3,Master,Average,2,0,64.1,3.8,0
S1139,17,Male,4,0.7,3.1,0,86,5.6,Good,6,High School,Poor,6,0,83.5,3.8,0
S1140,24,Male,2.5,3.8,2.2,0,85.4,5,Good,6,High School,Good,8,0,63.4,6,0
S1141,17,Male,5,1.3,0.8,0,95.4,5.4,Good,6,Bachelor,Good,7,0,96.2,2.1,0
S1142,20,Male,3.2,2,2,0,88.3,4.9,Fair,4,Bachelor,Poor,4,1,65.4,4,1
S1143,24,Male,2.4,2.8,0.7,0,99.8,8.1,Fair,3,None,Good,2,0,62,3.5,0
S1144,24,Male,4.3,4.9,3,0,75.1,8.4,Fair,5,Master,Good,9,1,74,7.9,1
S1145,23,Female,2.2,6.2,3,0,86.4,6.9,Good,1,None,Good,4,0,46.7,9.2,0
S1146,19,Female,3.5,3.2,2.4,0,85.8,8,Poor,2,Bachelor,Good,9,0,75.5,5.6,0
S1147,19,Female,3.5,2.3,2.2,0,74.3,6.7,Fair,3,Bachelor,Poor,5,1,78.1,4.5,1
S1148,17,Female,5.1,3.1,3.7,0,94.6,6.4,Fair,1,Master,Good,7,0,85.2,6.800000000000001,0
S1149,24,Female,4.2,3.6,1.8,1,100,6.1,Fair,3,None,Poor,5,0,75.4,5.4,2
S1150,19,Male,3.5,2.1,0.5,1,84.8,6.1,Good,4,Bachelor,Average,2,0,64.2,2.6,2
S1151,19,Female,4.7,4.7,2.3,0,90.1,4.6,Good,1,High School,Good,6,0,69.7,7,0
S1152,17,Female,5.6,2.8,4.1,0,85.8,6.8,Good,4,High School,Good,7,0,90.3,6.8999999999999995,0
S1153,19,Female,4.3,3.1,0.7,0,77.9,6.5,Good,0,None,Average,6,0,81.4,3.8,0
S1154,21,Male,3.5,3.3,1.4,0,66.8,7.4,Fair,1,Bachelor,Good,3,0,65,4.699999999999999,0
S1155,18,Male,1.5,3,2.3,0,77.9,6.6,Fair,3,High School,Good,10,0,57.3,5.3,0
S1156,23,Male,1.9,3.5,1.7,1,71.1,6.3,Fair,0,High School,Good,8,0,57.7,5.2,2
S1157,18,Male,3,1.8,0.7,0,100,5.5,Poor,4,Bachelor,Poor,3,0,56.7,2.5,0
S1158,17,Female,2.6,1.8,3,0,83.8,6.6,Fair,4,Bachelor,Good,5,1,62.3,4.8,1
S1159,20,Female,3.2,1.2,4.4,0,81.5,7.4,Good,3,Bachelor,Average,9,0,77.9,5.6000000000000005,0
S1160,23,Male,3.6,3,2,0,93.9,5.1,Fair,0,Master,Average,5,0,65.2,5,0
S1161,17,Other,4.3,3.4,0.8,0,73.8,6.6,Good,6,High School,Average,7,0,76.8,4.2,0
S1162,24,Female,3.4,3,0.1,0,77.3,6.8,Fair,5,Master,Average,7,0,83.8,3.1,0
S1163,20,Male,4.2,4.5,2.1,0,85.7,5.6,Poor,2,Master,Good,5,0,70.6,6.6,0
S1164,18,Male,3.6,2.5,3,0,95.3,5.8,Poor,3,High School,Average,2,1,63.1,5.5,1
S1165,17,Male,0.5,3.3,2.3,0,90,6.8,Fair,4,High School,Good,5,0,39,5.6,0
S1166,24,Male,2.1,1.2,1.8,0,87.5,5.1,Fair,1,High School,Average,7,0,66.7,3,0
S1167,23,Male,3.3,2,1.2,1,85.8,6.9,Poor,0,High School,Good,7,0,72.2,3.2,2
S1168,23,Male,1.7,3.3,0.6,0,89,5.4,Fair,5,Bachelor,Good,4,1,50.1,3.9,1
S1169,22,Male,4.4,3.5,2.7,1,87,7.8,Fair,2,Bachelor,Good,1,0,62.4,6.2,2
S1170,24,Male,5.8,2.1,2.8,0,74.7,9.3,Fair,1,Bachelor,Good,6,0,96.6,4.9,0
S1171,21,Female,5.3,2.4,0.1,0,85.5,5.5,Good,0,Bachelor,Good,3,1,85.8,2.5,1
S1172,19,Male,3.2,0.7,3.5,0,74.3,7.1,Good,5,High School,Good,5,0,68.3,4.2,0
S1173,20,Female,5.7,2.1,2.4,0,85.8,5.6,Fair,3,Master,Good,4,1,83.8,4.5,1
S1174,24,Male,3.7,3.6,3.3,1,80.2,7.7,Good,5,High School,Poor,2,0,69.3,6.9,2
S1175,22,Other,3,3.2,0.3,0,100,5,Good,3,Master,Good,7,0,65.3,3.5,0
S1176,19,Male,2.6,3.1,0.3,0,84.6,7.1,Good,6,High School,Average,5,1,77.5,3.4,1
S1177,19,Male,3,2.6,1.6,0,71,5.5,Fair,0,Master,Average,7,1,55,4.2,1
S1178,17,Other,2.9,2.5,2.4,1,83.7,6.3,Poor,5,None,Good,9,0,65.2,4.9,2
S1179,19,Female,3.8,1.7,3.8,0,90.2,5.3,Good,2,High School,Average,4,0,58.1,5.5,0
S1180,21,Female,3.7,3.3,2.6,1,100,7.5,Fair,5,None,Good,5,0,69.2,5.9,2
S1181,23,Male,3.5,3,1.5,1,79.1,5.5,Good,0,Bachelor,Average,9,0,67.4,4.5,2
S1182,22,Male,4.2,3.1,0.7,0,69.2,7.2,Good,1,Master,Poor,10,0,79.9,3.8,0
S1183,19,Female,5.3,1.9,3.2,0,93.2,6.1,Fair,1,High School,Average,4,1,85.7,5.1,1
S1184,17,Female,4.9,0,0.7,0,71.2,6.4,Fair,5,Master,Poor,5,0,96.2,0.7,0
S1185,21,Female,1.3,3.8,3.6,1,80.6,6.7,Fair,5,Bachelor,Good,5,0,40.4,7.4,2
S1186,18,Female,0,1.9,1.5,0,82.4,5.6,Fair,3,Bachelor,Average,8,0,55.2,3.4,0
S1187,23,Male,4.9,1.5,3.5,0,84.3,6.8,Fair,0,Bachelor,Average,4,0,73.8,5,0
S1188,23,Female,1.4,3.3,2.5,0,91.9,8.3,Fair,3,High School,Poor,4,1,46.5,5.8,1
S1189,22,Male,3.2,2,1.6,0,78.2,5.6,Fair,2,High School,Average,7,1,60.5,3.6,1
S1190,23,Male,1.7,3.8,1.2,0,82.3,7.9,Poor,6,Master,Good,5,0,55.4,5,0
S1191,19,Male,0.8,3.2,1.4,0,84.9,8.3,Good,1,Master,Average,6,0,45.1,4.6,0
S1192,17,Female,4.3,3.3,2.3,0,86.5,5.5,Poor,4,Master,Good,6,0,69.4,5.6,0
S1193,23,Male,4.6,0.9,1.9,0,86,4.8,Good,4,Master,Good,6,0,81.3,2.8,0
S1194,23,Male,2.6,4,1.1,0,89.4,6.9,Good,0,High School,Good,10,0,66.6,5.1,0
S1195,18,Female,0,2.8,1.6,0,93.4,5.8,Fair,0,Bachelor,Good,5,0,26.7,4.4,0
S1196,18,Male,2.7,2.1,1.9,0,88.9,8.7,Good,4,High School,Poor,5,0,64.5,4,0
S1197,20,Female,4.1,2.7,0,0,89.5,6.5,Fair,0,Master,Average,9,1,87.1,2.7,1
S1198,21,Male,1.3,0.4,2.3,1,69.2,5.5,Good,1,High School,Good,8,1,42.2,2.6999999999999997,3
S1199,19,Female,3.8,3,0.7,0,85.5,5.1,Fair,2,Bachelor,Good,4,0,61.6,3.7,0
S1200,23,Female,3.5,1.3,0.5,0,89.8,7.8,Fair,2,Bachelor,Good,7,0,81.9,1.8,0
S1201,24,Male,4.4,0.9,0,0,92.3,5.8,Fair,3,High School,Good,8,0,96.5,0.9,0
S1202,23,Male,3.7,0.7,0,0,78.1,6.6,Fair,1,None,Average,9,0,85.1,0.7,0
S1203,17,Male,2,3.8,0.3,0,78.4,7.6,Fair,6,Master,Poor,5,0,58.5,4.1,0
S1204,20,Male,5.3,1.7,1,0,79.3,5.9,Fair,0,Bachelor,Good,3,1,78.4,2.7,1
S1205,21,Other,3.3,4.3,3.9,0,90.4,6.4,Fair,0,High School,Good,4,0,56.4,8.2,0
S1206,24,Male,3.5,1.9,1.2,0,95.3,6.5,Poor,6,Bachelor,Average,10,1,92.6,3.0999999999999996,1
S1207,20,Female,2.1,0.5,2,0,80.9,7.3,Poor,3,Bachelor,Good,6,1,62.3,2.5,1
S1208,22,Male,2.8,1.2,2.2,1,94.1,7.2,Fair,3,High School,Average,10,0,75.8,3.4000000000000004,2
S1209,21,Female,2.2,4,1.9,0,86.2,6.2,Poor,0,High School,Average,5,1,47.1,5.9,1
S1210,23,Female,3.2,2.3,1.7,1,83.8,6.6,Poor,0,Master,Good,9,0,66.3,4,2
S1211,23,Female,6.1,1.8,0.5,0,82.9,6.1,Good,6,Bachelor,Good,3,1,98.3,2.3,1
S1212,21,Male,1.4,2.7,3.4,0,92.5,4.7,Poor,1,Bachelor,Average,2,1,29.7,6.1,1
S1213,23,Male,1.1,3.1,3.8,0,88.3,6.8,Good,6,Bachelor,Poor,6,0,45.5,6.9,0
S1214,19,Male,5.7,3.8,0,0,100,8.8,Fair,3,None,Average,7,0,100,3.8,0
S1215,21,Female,3.2,4.2,0.7,0,76.5,5.4,Good,6,High School,Good,5,1,67.5,4.9,1
S1216,20,Female,2.5,2.1,1.5,0,90.2,5.6,Fair,6,High School,Average,1,1,60.3,3.6,1
S1217,21,Other,5.1,0.9,0.7,0,79.7,5.5,Fair,6,High School,Good,3,0,87,1.6,0
S1218,24,Male,2.6,2,2.4,0,76.3,7.4,Fair,1,Bachelor,Good,3,0,48.5,4.4,0
S1219,23,Female,6.2,2.8,1,0,84.9,7,Fair,5,Master,Good,4,0,100,3.8,0
S1220,19,Female,4.5,1.3,4.2,0,86.4,6.3,Fair,0,High School,Average,10,0,82.1,5.5,0
S1221,19,Male,2.8,1.4,3.1,0,100,5.4,Poor,4,High School,Good,6,1,63.7,4.5,1
S1222,22,Male,6.7,2.9,2,0,83.2,6.6,Good,6,Bachelor,Average,5,0,100,4.9,0
S1223,20,Female,2.6,2.4,2.9,0,73.7,4.6,Fair,4,Master,Average,1,0,41.9,5.3,0
S1224,18,Female,4.6,2.5,3,0,87.7,6.7,Fair,5,Bachelor,Poor,6,0,72.7,5.5,0
S1225,18,Female,3.9,1.6,1.2,0,64.3,7.5,Good,0,Master,Average,9,1,74.3,2.8,1
S1226,21,Male,5.5,2.2,0.9,1,84.1,5,Fair,3,Bachelor,Good,1,0,88.7,3.1,2
S1227,22,Female,5.8,1.4,1.9,0,85.2,4.7,Good,4,Bachelor,Average,8,1,96.6,3.3,1
S1228,17,Male,3.5,3.6,2.7,0,92.9,8.4,Fair,3,High School,Average,8,1,72.6,6.300000000000001,1
S1229,21,Male,2.4,3.7,2,0,94.7,5.8,Good,4,High School,Good,3,1,52.4,5.7,1
S1230,22,Male,4.2,0.3,0.1,0,80,7.9,Poor,3,High School,Poor,9,1,100,0.4,1
S1231,20,Female,2.5,1.4,0.9,0,83.5,6.3,Good,6,Bachelor,Good,8,0,73.1,2.3,0
S1232,20,Female,6.5,0.7,1.7,0,77.3,6.3,Good,4,Master,Average,3,0,100,2.4,0
S1233,20,Female,3.7,1.7,1.7,0,73.7,7,Fair,3,Master,Poor,10,1,80.8,3.4,1
S1234,20,Male,3,2.4,4,0,88.1,5.4,Poor,5,High School,Good,5,0,62.9,6.4,0
S1235,20,Female,3.8,0.8,0.3,0,72.3,6.7,Fair,1,High School,Poor,3,0,71.5,1.1,0
S1236,22,Male,1.5,1.4,2.4,0,80.9,6,Good,3,High School,Good,5,0,46.2,3.8,0
S1237,22,Female,2,1.3,3.4,1,75,4.9,Fair,1,High School,Average,9,0,53.8,4.7,2
S1238,19,Male,5.3,2.7,4.3,0,90.5,6.9,Fair,1,Bachelor,Poor,4,1,74.2,7,1
S1239,24,Male,2.5,2.6,1.4,0,100,6.2,Poor,0,Master,Poor,6,0,52.5,4,0
S1240,18,Male,1.9,1.6,2.3,0,72,6.3,Fair,6,Master,Poor,3,0,51.2,3.9,0
S1241,23,Male,4.3,2.7,2.4,1,66.5,5,Fair,5,Bachelor,Poor,3,0,60.6,5.1,2
S1242,20,Female,5.3,1.8,2,0,83.8,8.4,Good,1,Bachelor,Good,5,0,91.5,3.8,0
S1243,17,Female,4.6,2.2,1.7,0,85.2,7.6,Fair,2,Bachelor,Average,8,0,87.3,3.9000000000000004,0
S1244,23,Male,5,4.5,2.3,0,87.2,7.7,Good,6,High School,Average,8,0,98,6.8,0
S1245,22,Female,2.4,4.1,0,0,80.5,6.1,Fair,1,Bachelor,Average,3,1,47.9,4.1,1
S1246,17,Male,1.4,0.9,2.6,1,83,4.4,Poor,3,Bachelor,Good,8,0,51,3.5,2
S1247,17,Female,5.8,3.5,1.9,0,88.7,8.8,Fair,1,Bachelor,Good,8,1,90,5.4,1
S1248,17,Female,3,3.5,1.6,0,95.4,6.4,Fair,3,High School,Good,3,0,54.1,5.1,0
S1249,19,Female,3.1,1.1,4.1,0,65.4,5.6,Good,3,High School,Good,10,1,58.4,5.199999999999999,1
S1250,22,Male,5.5,3.5,1.1,1,81.3,7,Good,2,High School,Average,10,0,100,4.6,2
S1251,17,Female,4.3,4.3,1.4,0,87.1,7.9,Fair,1,Master,Average,2,0,65.2,5.699999999999999,0
S1252,20,Female,4.2,1.2,4,0,75.8,6.5,Fair,1,High School,Good,10,0,85.3,5.2,0
S1253,21,Male,6.7,1.4,0.9,0,100,8,Fair,4,Bachelor,Good,2,0,93.8,2.3,0
S1254,17,Male,2.5,3.7,1.2,1,78.6,7.8,Good,6,Bachelor,Average,9,0,78.8,4.9,2
S1255,19,Female,4.9,2.8,1.6,0,84.6,5.2,Good,4,High School,Average,7,0,85,4.4,0
S1256,23,Female,3.6,3.2,2.7,0,90.6,5.7,Good,0,Bachelor,Good,6,0,64.5,5.9,0
S1257,22,Female,3.9,2.9,2,0,79.1,7.6,Fair,3,Master,Good,7,0,71,4.9,0
S1258,24,Female,5.8,3,0.4,0,66.5,3.2,Fair,2,High School,Average,8,0,90.8,3.4,0
S1259,19,Female,4.3,0.9,1.2,0,80.7,6.3,Fair,4,Master,Good,1,0,72.6,2.1,0
S1260,17,Male,4.3,3.8,1.1,0,95.3,4.8,Fair,1,High School,Average,8,0,70.9,4.9,0
S1261,22,Male,5.1,3.9,1.7,1,81.6,5.9,Fair,0,None,Poor,3,1,65.1,5.6,3
S1262,21,Male,3,2.2,2.3,0,76.5,6.1,Poor,2,Master,Average,3,0,49.1,4.5,0
S1263,17,Female,2.2,2.4,2.3,1,94.3,6.1,Poor,5,Bachelor,Average,6,0,62.7,4.699999999999999,2
S1264,19,Male,1.9,0.7,0,0,81.7,5.8,Good,1,Master,Poor,4,0,51.5,0.7,0
S1265,18,Female,0.6,3.1,3,0,79.9,5.2,Good,1,Bachelor,Good,4,0,18.4,6.1,0
S1266,20,Female,6.6,3.2,2.1,0,86.5,9.3,Fair,5,Master,Average,4,1,100,5.300000000000001,1
S1267,24,Female,1.8,2.4,3.3,1,92.7,8.7,Fair,3,Bachelor,Good,10,0,53.3,5.699999999999999,2
S1268,23,Male,3.2,3.8,2.3,0,100,5.1,Fair,3,Bachelor,Poor,9,0,76.1,6.1,0
S1269,19,Female,3.1,2.1,3,0,93.3,8.4,Good,4,Bachelor,Average,8,0,85.6,5.1,0
S1270,22,Male,4,3.2,2.3,1,96.6,6,Good,4,High School,Good,3,1,63,5.5,3
S1271,24,Female,4.7,1.3,3.3,1,79.9,6.7,Good,1,Master,Good,1,0,73.6,4.6,2
S1272,24,Male,4.8,2.5,2.4,1,74.7,6.4,Good,6,High School,Good,1,0,76.2,4.9,2
S1273,24,Male,2.6,2.3,1.7,0,85.6,5.7,Fair,1,Bachelor,Good,1,1,45.5,4,1
S1274,17,Female,3.2,2.8,4.3,0,86.1,7.7,Fair,4,High School,Average,4,1,58.6,7.1,1
S1275,20,Male,3.9,2.1,2.8,0,74.2,6.7,Fair,5,Bachelor,Average,6,0,77.8,4.9,0
S1276,17,Male,3.1,2.3,2.4,1,83.2,5.9,Fair,4,High School,Good,4,1,61.5,4.699999999999999,3
S1277,22,Female,5.9,3.5,0.4,0,89,4.9,Good,1,None,Good,3,0,71.4,3.9,0
S1278,17,Female,4.2,2,0.4,0,88.6,5.4,Fair,2,Master,Good,8,1,93.9,2.4,1
S1279,18,Female,4.6,0.6,2.1,0,90,4.5,Poor,1,High School,Good,8,0,85.9,2.7,0
S1280,20,Female,4.5,4.6,2,0,87.9,6.5,Fair,2,Bachelor,Good,6,0,73.8,6.6,0
S1281,20,Female,5.3,4.2,1.1,1,79.9,5.1,Good,2,High School,Average,9,0,83.3,5.300000000000001,2
S1282,22,Male,3.8,0.9,2,1,79.9,6.2,Fair,1,None,Good,10,0,79.7,2.9,2
S1283,23,Male,1.6,3.3,3.5,1,73,8.1,Good,6,High School,Good,1,0,47.1,6.8,2
S1284,18,Male,4.1,1.9,2.6,0,100,7.9,Fair,6,Bachelor,Good,8,0,91.9,4.5,0
S1285,19,Female,2.5,2.8,0.5,1,85.1,6.5,Poor,0,None,Poor,6,1,60.6,3.3,3
S1286,17,Female,2.7,2.9,1.7,0,82.8,6.4,Fair,4,Master,Average,1,0,46.6,4.6,0
S1287,21,Male,4.4,2.2,0.9,0,75.7,8.8,Good,6,High School,Poor,4,1,84.2,3.1,1
S1288,17,Male,5.4,1.6,1.4,0,100,7.1,Fair,3,High School,Average,5,0,95.5,3,0
S1289,24,Female,3.5,1.7,1.3,0,74.3,6.1,Good,1,High School,Good,7,1,73.5,3,1
S1290,17,Male,4,1.4,1.3,0,80.7,4.8,Fair,2,None,Poor,8,0,75.9,2.7,0
S1291,19,Female,6.1,1.5,0.4,0,89.2,7,Poor,1,Bachelor,Average,9,0,100,1.9,0
S1292,17,Female,3.9,2.4,1.7,1,91,7.5,Good,4,Master,Average,6,1,74.2,4.1,3
S1293,18,Female,7.4,1.6,1.2,0,94.6,5.7,Fair,5,Bachelor,Good,10,1,100,2.8,1
S1294,18,Male,4.3,3.3,0,0,100,6.8,Fair,6,High School,Average,9,0,94.9,3.3,0
S1295,20,Female,0.9,4.3,4.1,0,90.1,6.1,Good,6,High School,Average,4,0,27.6,8.399999999999999,0
S1296,22,Female,4.6,1.8,3,0,74.4,6.3,Fair,6,High School,Average,8,0,86.2,4.8,0
S1297,23,Female,4.1,2.8,1.4,0,82.4,3.5,Good,2,Master,Average,3,0,60.1,4.199999999999999,0
S1298,21,Female,5.4,3.1,1.8,0,88.1,6.2,Poor,3,High School,Average,4,1,91.3,4.9,1
S1299,24,Female,4.5,3.1,0.5,0,100,7.7,Fair,3,Bachelor,Average,10,0,93.8,3.6,0
S1300,17,Female,3.3,2.6,3.7,0,71,5.7,Poor,6,High School,Good,4,1,61.6,6.300000000000001,1
S1301,17,Male,1.7,3.4,3.9,1,97,6.6,Good,3,High School,Average,6,0,41.7,7.3,2
S1302,19,Female,3.2,3.1,2,0,86.8,5.6,Fair,5,High School,Poor,9,0,74.5,5.1,0
S1303,22,Female,2.2,1,2.9,0,93.4,6.9,Good,6,None,Good,6,0,63.7,3.9,0
S1304,18,Male,2.6,3.5,2,0,84,6.2,Good,0,Bachelor,Average,1,0,39.6,5.5,0
S1305,21,Female,4.4,3.6,0.3,0,76.6,5.4,Fair,2,High School,Good,5,1,87.5,3.9,1
S1306,20,Female,6,1.6,1.3,0,92.5,8.1,Fair,5,Bachelor,Average,9,0,100,2.9000000000000004,0
S1307,18,Female,4.1,2.5,1.9,1,91.5,7.6,Fair,2,None,Good,5,0,75.4,4.4,2
S1308,24,Male,1.7,3.3,1.3,0,94.7,5.8,Fair,6,Master,Good,6,1,61.5,4.6,1
S1309,22,Male,4.2,2.2,1.6,0,84.9,7.1,Fair,5,High School,Good,3,1,73.3,3.8000000000000003,1
S1310,24,Other,5.3,3.8,1.7,0,79,7.1,Good,6,Master,Average,8,0,96.3,5.5,0
S1311,23,Female,2.6,5.3,1.7,1,69.4,7.3,Good,5,Bachelor,Average,10,0,67,7,2
S1312,20,Male,3.3,1.6,1.9,0,93.2,4.5,Good,6,Master,Average,4,0,70.1,3.5,0
S1313,23,Female,3.5,0.8,0.6,0,89.2,7.7,Good,0,High School,Good,4,0,84.2,1.4,0
S1314,19,Female,2.3,2.9,1,0,75.3,5.8,Good,2,Bachelor,Good,5,1,48.9,3.9,1
S1315,24,Female,4.5,3.4,0.4,0,79.6,6.1,Fair,5,High School,Poor,10,0,98.8,3.8,0
S1316,19,Female,3.3,2.2,2.9,1,80.3,9.7,Good,0,High School,Poor,9,0,76.1,5.1,2
S1317,17,Male,4.1,4.2,0,0,70.2,6.9,Good,1,High School,Average,8,1,80.4,4.2,1
S1318,23,Male,2.2,0.9,3.1,0,76.8,6,Fair,6,High School,Poor,7,0,64.1,4,0
S1319,22,Male,2.8,3.3,3.3,0,73.7,3.9,Good,4,Master,Average,5,1,59.4,6.6,1
S1320,24,Female,4.6,1.8,1.5,0,80.9,8.2,Fair,5,None,Poor,9,1,94.2,3.3,1
S1321,21,Male,2.9,4.6,0,1,77.6,4.9,Good,3,Bachelor,Good,9,1,67.8,4.6,3
S1322,20,Male,6.1,4.9,1.4,0,68.7,5.3,Good,0,Bachelor,Good,10,0,96.1,6.300000000000001,0
S1323,18,Male,2.9,1.6,1.7,0,100,6.1,Good,0,Bachelor,Good,10,0,70.2,3.3,0
S1324,22,Female,3.8,1.8,0.7,0,97.5,8.2,Fair,5,Bachelor,Average,2,0,84.2,2.5,0
S1325,22,Female,4.9,3.5,1.2,0,77.2,7.4,Good,0,High School,Good,4,0,75.4,4.7,0
S1326,19,Male,1.4,2,3.5,0,87.7,6.3,Fair,1,Bachelor,Good,8,0,41.7,5.5,0
S1327,23,Male,0.9,2.4,2.5,0,89.2,6.9,Fair,0,High School,Poor,1,0,23.1,4.9,0
S1328,24,Female,1.2,2.5,0.8,1,96.9,5.8,Good,4,Master,Good,5,0,50.3,3.3,2
S1329,24,Male,5.4,0.2,0,0,76.8,6.7,Fair,4,Bachelor,Average,8,0,100,0.2,0
S1330,17,Male,2.7,2.5,1.4,0,95.9,6.6,Good,6,Master,Average,2,0,52.2,3.9,0
S1331,17,Male,7.3,1.7,1.6,0,79.5,7.7,Fair,6,None,Average,2,1,100,3.3,1
S1332,20,Male,2.7,1.9,2.3,0,71.6,7.7,Fair,3,High School,Poor,8,0,71.2,4.199999999999999,0
S1333,19,Male,3.8,4.2,1.2,0,92.2,7.1,Good,1,High School,Good,10,0,72.3,5.4,0
S1334,22,Female,5.8,1,2.4,0,97.9,6.1,Fair,4,None,Average,9,0,100,3.4,0
S1335,24,Male,6.5,3.5,3.9,0,100,7.4,Poor,5,High School,Average,7,1,100,7.4,1
S1336,21,Female,6.6,2.2,2.7,0,73,6.4,Good,2,Bachelor,Poor,8,1,100,4.9,1
S1337,19,Male,5.3,2.2,1.7,0,92,5.2,Fair,2,High School,Good,5,0,93.1,3.9000000000000004,0
S1338,20,Female,5,3.4,1.6,1,80.9,6,Good,2,Bachelor,Average,1,1,67.7,5,3
S1339,20,Female,4.4,2.9,1.4,0,92.8,6.6,Fair,6,Master,Good,4,1,77.9,4.3,1
S1340,19,Male,4.7,3.2,3.1,1,70.3,7.6,Fair,5,Bachelor,Good,2,0,80.3,6.300000000000001,2
S1341,20,Female,2.7,3.7,1.1,0,72.4,6.3,Fair,0,High School,Average,3,0,44.3,4.800000000000001,0
S1342,19,Male,2.3,2.1,1.8,0,77.2,5,Fair,5,High School,Average,3,0,54.7,3.9000000000000004,0
S1343,18,Other,3.5,1.8,1.9,0,85.8,6.6,Fair,0,High School,Good,9,0,85,3.7,0
S1344,19,Male,3.2,1.2,1.2,0,78.6,6.6,Fair,2,High School,Poor,10,1,81.7,2.4,1
S1345,23,Male,2.8,1.5,0.3,0,91.6,6.7,Fair,3,Bachelor,Poor,4,0,71.6,1.8,0
S1346,19,Male,4.5,6,2.2,1,95.3,7.6,Poor,3,High School,Good,2,1,73.7,8.2,3
S1347,20,Other,4.9,4,1.7,0,91,7.7,Fair,0,Master,Average,3,0,77,5.7,0
S1348,24,Female,3.6,0.9,2.4,0,100,5.8,Poor,2,Bachelor,Average,3,0,72.3,3.3,0
S1349,23,Female,5.7,0.9,1.2,0,89.2,5.8,Poor,5,Bachelor,Average,7,0,100,2.1,0
S1350,20,Male,1.8,3.1,3.1,0,72.8,5.3,Good,3,High School,Average,8,0,54,6.2,0
S1351,17,Female,3.2,3.2,0.8,0,98.6,7.3,Good,0,High School,Good,6,0,70.4,4,0
S1352,17,Male,2.4,3.2,3.7,0,78.9,8.2,Good,5,Bachelor,Good,4,1,47,6.9,1
S1353,24,Female,0.7,2.2,0,0,94.1,6.1,Fair,2,High School,Good,6,0,48.7,2.2,0
S1354,24,Male,3.4,2.3,2.3,0,100,6.2,Good,1,High School,Good,1,0,47.6,4.6,0
S1355,23,Male,3.3,2.9,2.3,1,89.6,8.3,Good,2,High School,Average,10,0,81.1,5.199999999999999,2
S1356,18,Male,5.8,2.6,0.9,1,70,7.1,Good,6,High School,Average,8,0,100,3.5,2
S1357,24,Male,4.4,0,2.3,0,75.8,7,Fair,2,Bachelor,Average,1,0,81.9,2.3,0
S1358,17,Female,2,2.2,3.2,0,98.2,5.1,Good,5,High School,Average,5,0,56.3,5.4,0
S1359,19,Male,6.3,1.5,0,0,83.3,7.3,Good,5,Bachelor,Good,2,1,100,1.5,1
S1360,20,Female,5.3,2.7,2.4,1,85.8,5.4,Good,4,High School,Good,6,0,81,5.1,2
S1361,17,Male,4.4,6.1,0,0,92.6,5.1,Poor,4,Bachelor,Average,9,1,84.9,6.1,1
S1362,17,Female,3.2,2.9,0.7,0,92,6.1,Fair,5,Master,Poor,5,0,67.9,3.5999999999999996,0
S1363,18,Male,2.1,2.1,3.6,0,87.8,5.8,Fair,5,Master,Poor,4,0,56.9,5.7,0
S1364,23,Male,2.9,3.6,1.2,0,82.9,6.2,Fair,1,High School,Average,2,0,45.9,4.8,0
S1365,23,Female,5.1,3.1,0.5,1,81.9,4.8,Good,1,None,Poor,3,0,76,3.6,2
S1366,22,Male,6.3,3,1.6,0,93.6,7.7,Poor,2,High School,Average,6,1,94.8,4.6,1
S1367,18,Male,5.8,3.2,4.1,0,90.5,7.9,Poor,6,Bachelor,Good,8,0,99.3,7.3,0
S1368,19,Female,2.8,5,0,1,82.4,4.2,Fair,3,Bachelor,Good,8,0,71,5,2
S1369,23,Female,1.8,1.1,0.6,1,95.8,7.7,Poor,6,Bachelor,Average,5,0,70.9,1.7000000000000002,2
S1370,20,Male,3.7,3.1,3.4,1,83.7,5.5,Fair,1,High School,Average,5,1,59.8,6.5,3
S1371,24,Male,0.8,1.4,3.8,1,76.5,7.5,Good,2,Bachelor,Average,10,0,36,5.199999999999999,2
S1372,18,Female,4,3.2,1.7,0,77.4,6.4,Fair,6,High School,Good,3,0,68.4,4.9,0
S1373,24,Male,3.3,1.4,0.4,0,75.2,6.5,Poor,0,Bachelor,Good,7,1,72.9,1.7999999999999998,1
S1374,17,Male,2.8,2,4.1,1,82.3,6.3,Fair,4,High School,Good,6,0,57.3,6.1,2
S1375,20,Male,1.1,2.1,3.6,1,97.3,8,Fair,6,Bachelor,Average,1,1,50.3,5.7,3
S1376,20,Female,4.3,3.7,2.5,0,76.9,5,Poor,3,None,Good,4,0,65.7,6.2,0
S1377,17,Female,2.7,3.6,0.9,0,86.9,7.2,Good,2,High School,Poor,6,1,67.9,4.5,1
S1378,18,Male,1.7,1,1.7,0,78.4,7.8,Good,6,Bachelor,Good,6,0,63.6,2.7,0
S1379,17,Male,0,2.6,1.6,0,82.4,7.4,Good,5,High School,Average,3,0,32.9,4.2,0
S1380,24,Male,3.5,1.6,2.2,0,69.9,9.3,Good,0,Bachelor,Average,6,0,67.7,3.8000000000000003,0
S1381,22,Female,6.2,1,3.4,0,82.8,5.9,Poor,4,Bachelor,Good,10,0,100,4.4,0
S1382,20,Male,6,2.2,2.8,1,83.1,7.6,Good,0,Bachelor,Average,6,0,96.8,5,2
S1383,21,Male,2.8,2.1,0.6,0,90.4,6.4,Good,2,High School,Poor,9,1,71,2.7,1
S1384,21,Female,2.6,5.4,3.3,0,87.2,8,Good,1,High School,Poor,9,0,59.8,8.7,0
S1385,24,Male,4.2,3,2.1,0,73,6.5,Poor,4,Bachelor,Poor,2,0,64.2,5.1,0
S1386,19,Female,2,0.8,2.6,0,95.8,6,Good,0,High School,Poor,4,0,45.2,3.4000000000000004,0
S1387,23,Male,4,1.8,3.4,0,87.1,8.1,Good,1,Bachelor,Poor,9,1,82.9,5.2,1
S1388,17,Male,4.6,3.7,0.6,0,87,5.9,Good,3,High School,Average,4,1,73.2,4.3,1
S1389,17,Male,5.3,5,1.8,0,84.9,4.8,Poor,2,High School,Average,8,0,79.6,6.8,0
S1390,19,Female,3.3,0.6,1.2,1,79.8,5.9,Good,2,High School,Good,10,0,73,1.7999999999999998,2
S1391,19,Female,3.2,0.2,0.1,1,87.2,7.2,Good,4,None,Average,3,0,72.6,0.30000000000000004,2
S1392,24,Female,2.2,4.7,2.2,0,89.8,8.2,Good,0,High School,Poor,3,0,45.2,6.9,0
S1393,24,Male,2.3,3,4.6,0,67.5,6.6,Fair,3,Bachelor,Average,9,0,51.8,7.6,0
S1394,19,Female,3.2,1.5,0,0,79.6,8.1,Good,5,Bachelor,Good,10,0,92,1.5,0
S1395,20,Male,4.1,3.1,1.8,0,82.5,4.9,Fair,4,High School,Good,8,0,77.8,4.9,0
S1396,24,Male,4.9,0,2.5,1,87.6,6,Fair,5,Master,Average,1,0,97.2,2.5,2
S1397,22,Female,2.3,2.5,1.9,1,96.9,6.2,Fair,4,Bachelor,Good,10,1,71.9,4.4,3
S1398,24,Male,5.7,2.9,1.7,0,77.3,6.4,Good,0,Master,Good,2,1,69.1,4.6,1
S1399,17,Male,3.1,3.6,0.4,0,80,6.6,Poor,3,Bachelor,Good,3,1,59.6,4,1
S1400,24,Male,3.5,1.3,2.1,0,79.9,7.3,Fair,0,Bachelor,Good,2,0,60.4,3.4000000000000004,0
S1401,20,Male,2.4,2.6,1,0,77,6,Good,2,None,Good,3,1,48.3,3.6,1
S1402,19,Male,0,1.4,0,0,81.5,6.7,Good,5,High School,Good,8,1,50.1,1.4,1
S1403,17,Female,4.8,2.8,3.1,0,92.7,6.4,Fair,1,None,Good,6,0,74.9,5.9,0
S1404,24,Male,4.6,1.4,2.9,1,74.5,5.4,Good,6,Bachelor,Average,7,1,85.6,4.3,3
S1405,20,Female,3.1,2,1.9,0,89.3,6.4,Good,2,High School,Good,10,1,65.4,3.9,1
S1406,22,Female,3.6,1.3,2.1,0,68,6.3,Poor,2,Bachelor,Good,10,1,82.4,3.4000000000000004,1
S1407,24,Male,4.3,3.3,3,0,79.4,6.3,Fair,5,High School,Poor,6,1,67.3,6.3,1
S1408,20,Male,1.2,3.5,2,0,81.7,6.5,Poor,4,Bachelor,Good,1,0,34.3,5.5,0
S1409,22,Male,2.7,2.2,2.8,0,100,6.6,Fair,2,High School,Average,3,0,53,5,0
S1410,19,Female,4.7,2.5,1.5,0,82.3,6,Fair,6,High School,Average,1,0,78,4,0
S1411,24,Male,1.6,0.8,3.2,1,63,8,Good,3,High School,Good,10,0,58.2,4,2
S1412,22,Female,3.9,2.1,2.2,0,65,5.1,Good,2,High School,Average,9,0,73.7,4.300000000000001,0
S1413,17,Male,1.5,2.4,2,1,85.3,5.6,Poor,3,High School,Average,9,0,60.3,4.4,2
S1414,19,Female,4.2,5.6,0.4,0,91.1,9.8,Poor,0,Bachelor,Poor,5,1,78.7,6,1
S1415,17,Male,3.4,1.2,2.1,1,88.8,5.3,Fair,4,None,Average,4,1,68.3,3.3,3
S1416,21,Male,1.1,4.3,0.9,0,86.7,4.9,Fair,3,High School,Average,9,0,49.9,5.2,0
S1417,18,Female,5.2,3.7,1.1,0,96.6,7.4,Fair,2,Bachelor,Average,9,1,100,4.800000000000001,1
S1418,24,Female,2.4,2.8,0.9,0,79.6,4,Good,4,None,Average,3,1,54.7,3.6999999999999997,1
S1419,22,Male,2.3,4.6,0.6,0,93.9,6.2,Good,6,Master,Good,5,0,58.7,5.199999999999999,0
S1420,18,Female,3.8,2.9,4.1,1,68.7,9.1,Fair,4,Master,Good,3,0,70.8,7,2
S1421,18,Female,5.2,3,3.3,0,76,4.6,Good,3,None,Poor,10,1,87.1,6.3,1
S1422,22,Female,2,2.4,3.9,0,66.9,4.1,Fair,3,High School,Good,2,1,29.5,6.3,1
S1423,19,Female,3.6,4,0.5,0,82.3,4.7,Good,1,High School,Poor,1,0,53.2,4.5,0
S1424,24,Male,4.1,3.8,1.9,1,84.5,7.6,Fair,1,Bachelor,Poor,10,0,73,5.699999999999999,2
S1425,21,Male,4.5,1.7,0.4,0,86.1,7.8,Poor,4,Bachelor,Poor,2,1,71.1,2.1,1
S1426,17,Male,3.8,0.9,1,0,85.6,5.9,Good,5,Bachelor,Good,8,0,80.9,1.9,0
S1427,20,Female,2.9,2.3,0.8,1,75.7,7.3,Fair,5,Bachelor,Good,8,0,75.1,3.0999999999999996,2
S1428,17,Female,2.3,1.5,3.2,0,83.1,8.2,Good,1,High School,Average,3,0,52.4,4.7,0
S1429,20,Male,3.6,2.4,1.4,0,70,8.6,Fair,2,Bachelor,Average,7,0,67.6,3.8,0
S1430,17,Male,1.9,4,3,0,98.6,6.2,Poor,0,Bachelor,Average,7,1,35.7,7,1
S1431,22,Female,0,2,2.5,0,82,3.7,Poor,4,Bachelor,Average,2,0,29.9,4.5,0
S1432,21,Other,4.2,2.4,4.3,0,80.1,5.5,Fair,0,Master,Good,9,0,70.7,6.699999999999999,0
S1433,24,Female,4.9,2.6,0.2,0,100,6,Good,1,Bachelor,Average,3,1,89.3,2.8000000000000003,1
S1434,20,Male,0,3.5,3.2,0,72.6,6.2,Fair,3,High School,Good,2,0,26.2,6.7,0
S1435,24,Male,2,0,3.1,0,73.7,6.3,Good,6,High School,Average,3,1,58.3,3.1,1
S1436,24,Male,4.4,1.8,0.7,0,74,7.8,Good,4,High School,Good,2,1,78.4,2.5,1
S1437,24,Female,6.6,2.8,2.9,0,84.3,8,Good,1,None,Good,8,0,100,5.699999999999999,0
S1438,23,Male,3.5,3.9,2.2,0,89.3,6.3,Fair,2,Master,Average,5,1,66.8,6.1,1
S1439,19,Female,2.4,1.9,1.5,0,92.4,7.8,Good,6,High School,Good,3,0,63.8,3.4,0
S1440,17,Male,3.2,0.2,0.9,0,100,6.9,Fair,4,Bachelor,Good,5,0,76.1,1.1,0
S1441,24,Female,5.6,3.2,1,0,62.5,6.6,Fair,4,Bachelor,Average,8,0,82.7,4.2,0
S1442,17,Female,2.5,1.7,4.1,0,91.1,7.6,Poor,5,None,Average,7,0,65,5.8,0
S1443,24,Female,2.3,1.1,1.8,1,79.4,6.6,Fair,3,Master,Good,6,0,66.8,2.9000000000000004,2
S1444,20,Male,2.8,1.8,2.7,0,79.1,9,Poor,4,Master,Average,1,1,64.9,4.5,1
S1445,19,Male,2.1,2.3,0.9,0,78.8,4.8,Good,3,Bachelor,Poor,10,0,63.1,3.1999999999999997,0
S1446,19,Male,3.7,1.8,0.9,1,75.9,5.9,Fair,1,High School,Average,1,0,56.3,2.7,2
S1447,22,Female,5.9,0,3,0,100,6.3,Fair,2,High School,Good,1,1,93.6,3,1
S1448,23,Female,4,3.6,0.3,0,93.4,7,Good,6,High School,Good,10,1,91.9,3.9,1
S1449,22,Female,3.1,4,1.3,0,85.2,8,Fair,6,High School,Good,8,1,74,5.3,1
S1450,22,Female,3.1,3.3,1.8,0,98.5,6.5,Fair,2,Bachelor,Average,8,0,62.7,5.1,0
S1451,22,Female,1.2,1.1,1.9,0,69.9,4.8,Poor,4,Master,Poor,7,0,58.6,3,0
S1452,22,Male,4.8,2.3,1.6,1,71.7,7.5,Good,4,Bachelor,Good,6,0,89.3,3.9,2
S1453,22,Female,3.4,2.5,2.2,0,63.2,7.4,Poor,1,Master,Good,4,0,63.4,4.7,0
S1454,21,Male,3.2,3.2,2.6,1,78,4.2,Fair,5,Bachelor,Poor,1,0,46.7,5.800000000000001,2
S1455,19,Male,8.3,3.3,2.6,1,86.6,6.5,Fair,5,High School,Average,9,0,100,5.9,2
S1456,22,Female,3.9,1.6,0.7,1,86,4.6,Good,5,Master,Poor,1,0,68.7,2.3,2
S1457,24,Male,2.4,2.6,1.5,0,86.5,5.7,Good,3,High School,Good,4,0,58.9,4.1,0
S1458,19,Male,2.9,3,3.1,0,70.9,5.4,Good,5,Master,Good,3,0,59,6.1,0
S1459,19,Female,5.2,4.2,2.8,1,93,7.5,Poor,2,High School,Good,7,0,77.9,7,2
S1460,18,Male,3.7,3.3,0.3,1,87.4,6.6,Fair,6,High School,Good,5,0,72.3,3.5999999999999996,2
S1461,21,Female,1.3,3.4,2.2,0,92.3,5,Fair,6,Master,Poor,5,0,49.7,5.6,0
S1462,22,Male,4.9,2.6,0,1,66.1,7.6,Poor,3,Bachelor,Good,4,0,80.9,2.6,2
S1463,17,Male,2.5,4.2,1.9,1,88.1,4.8,Fair,1,Master,Good,1,0,44.5,6.1,2
S1464,20,Male,6.3,3,3.9,1,73.1,6.9,Fair,2,Master,Average,5,0,85.3,6.9,2
S1465,23,Male,5.1,1.5,0.8,0,81,5.5,Fair,6,None,Good,4,0,83.2,2.3,0
S1466,24,Female,2.8,4.2,0.9,0,90.3,6.1,Good,2,Bachelor,Average,10,0,59.7,5.1000000000000005,0
S1467,17,Male,5.4,3.3,2.6,0,85.9,7.1,Fair,6,High School,Good,8,0,98.1,5.9,0
S1468,21,Female,3.6,2,0.1,0,76.5,7.1,Good,0,Bachelor,Good,2,1,66.8,2.1,1
S1469,20,Male,4.8,1.9,1.1,0,85.1,8.1,Fair,1,Bachelor,Good,8,1,96.1,3,1
S1470,21,Female,4.2,2.9,2.5,0,69.7,6.4,Fair,1,High School,Good,1,0,60.4,5.4,0
S1471,24,Female,2.2,3.1,1.1,0,96.5,6.9,Fair,0,Bachelor,Poor,4,0,33.8,4.2,0
S1472,19,Female,2.5,2.7,1.5,0,82.9,6,Poor,3,Bachelor,Average,3,0,56.1,4.2,0
S1473,20,Male,5,2.9,2.6,0,96.2,6.7,Poor,6,High School,Average,5,0,80.6,5.5,0
S1474,19,Male,3,4.5,2.3,1,79.7,7,Fair,6,Bachelor,Good,5,0,52.6,6.8,2
S1475,24,Male,2.9,3.8,2.1,0,79.8,6.4,Good,6,Bachelor,Good,5,1,52.1,5.9,1
S1476,17,Female,2.1,2.7,1.4,0,77.4,4.3,Good,5,Master,Good,4,1,39.9,4.1,1
S1477,24,Male,4.1,3.6,2.2,0,93.8,6.9,Poor,5,High School,Poor,8,0,84,5.800000000000001,0
S1478,17,Female,6.6,1.3,1.7,0,77.9,6.9,Good,5,High School,Good,3,1,97.7,3,1
S1479,20,Female,1.9,3,2.3,0,91.4,5.7,Good,5,Bachelor,Good,4,0,43.3,5.3,0
S1480,20,Male,3.5,4.7,1.3,1,81.2,5,Good,5,None,Good,1,0,55.9,6,2
S1481,22,Female,5.6,2.2,1.6,0,65.2,8.3,Good,0,Master,Poor,7,0,84.6,3.8000000000000003,0
S1482,21,Male,3.4,1.5,0.7,0,79.3,7.1,Fair,1,None,Poor,1,0,67,2.2,0
S1483,22,Male,4.2,1.7,1.8,0,73.2,6.2,Fair,3,Bachelor,Poor,2,0,76,3.5,0
S1484,21,Female,1.9,1.2,0.9,0,85.3,5.1,Fair,2,Bachelor,Good,7,1,56.9,2.1,1
S1485,22,Female,4.1,1.6,0.6,0,73.1,5.5,Fair,5,High School,Good,1,0,77.5,2.2,0
S1486,19,Female,3.2,2.1,2.1,0,94.3,8.1,Fair,0,None,Good,3,0,69.4,4.2,0
S1487,20,Male,5,0.8,2,0,84.1,6.7,Fair,6,Bachelor,Average,6,1,94.6,2.8,1
S1488,17,Male,5.3,2.5,2.7,1,83.2,5.8,Good,3,Bachelor,Average,6,1,93.4,5.2,3
S1489,21,Female,7.4,3.6,1.3,0,91.6,7.1,Good,3,High School,Good,6,1,100,4.9,1
S1490,24,Female,4.4,1.4,2.2,0,94.6,5.5,Good,3,Master,Good,2,1,63.6,3.6,1
S1491,21,Female,4,4.3,2.4,0,84.8,8.3,Good,0,High School,Good,2,0,53,6.699999999999999,0
S1492,17,Male,3.8,3.1,2.3,0,77.3,8.1,Good,2,High School,Good,6,0,67.8,5.4,0
S1493,22,Female,3,3.7,0.9,0,67.3,5.9,Poor,5,Bachelor,Average,10,0,73.9,4.6000000000000005,0
S1494,21,Male,4,1.7,2,0,78.1,5.7,Fair,3,High School,Good,5,0,66.5,3.7,0
S1495,23,Male,3.1,3.5,2.2,0,78.8,3.4,Fair,0,Master,Good,7,0,49.9,5.7,0
S1496,19,Female,3.8,1.2,1.8,0,86.1,4.7,Good,6,High School,Average,7,0,73.9,3,0
S1497,20,Male,5.5,3.6,0,0,81.5,4.9,Fair,1,None,Average,5,0,80.3,3.6,0
S1498,17,Female,2,2.7,2,0,91.9,6.7,Good,6,High School,Average,8,0,71.7,4.7,0
S1499,20,Male,5.2,3.2,4.2,1,78.9,6.1,Poor,0,Bachelor,Poor,10,0,83.3,7.4,2
S1500,23,Male,5.5,1.1,1.4,0,84.4,4.9,Fair,0,Bachelor,Good,6,0,84.5,2.5,0
S1501,21,Female,3.3,1.4,1,0,96.8,6.2,Good,0,Bachelor,Poor,5,0,74.9,2.4,0
S1502,21,Female,0.3,3.2,2.2,0,88.4,7.1,Poor,3,None,Average,4,1,34,5.4,1
S1503,24,Female,2.6,1.4,2.1,1,84.4,7.1,Fair,0,High School,Average,7,0,63,3.5,2
S1504,23,Female,5.4,3.1,3.1,0,79,4.2,Fair,1,Bachelor,Good,4,0,77.9,6.2,0
S1505,17,Female,3.5,0.9,0.4,0,78.7,6.3,Fair,3,None,Average,5,1,72.9,1.3,1
S1506,24,Female,2,3.5,2.6,0,76.5,4.8,Good,6,Master,Good,5,0,53.2,6.1,0
S1507,19,Female,2.7,1,2.4,0,79.6,7.6,Fair,1,None,Poor,1,0,57.3,3.4,0
S1508,24,Male,4.8,3.2,1.6,0,92.6,7.4,Fair,4,Bachelor,Poor,1,1,76.6,4.800000000000001,1
S1509,18,Female,4.3,3.3,2.2,0,82.8,5.4,Poor,6,High School,Average,3,0,64.6,5.5,0
S1510,17,Male,3.1,1.7,2.9,1,71.5,5.6,Good,0,Bachelor,Average,3,1,51.1,4.6,3
S1511,18,Other,2.9,3.2,2.8,0,100,5.9,Fair,5,High School,Average,2,0,63,6,0
S1512,23,Female,2.9,2.8,0.5,0,88.2,3.8,Good,5,None,Poor,2,1,61.6,3.3,1
S1513,22,Male,2.1,1.9,2.7,1,70.9,6.9,Good,3,High School,Good,6,0,62.5,4.6,2
S1514,18,Female,5.9,1.3,1.7,0,80.6,6.2,Fair,5,High School,Good,1,1,87.1,3,1
S1515,19,Female,3,0.1,1.9,0,86.1,7.7,Good,6,High School,Poor,6,1,82.5,2,1
S1516,24,Male,5.3,2.9,1.9,0,100,5.2,Good,3,Bachelor,Poor,5,1,80.9,4.8,1
S1517,22,Female,5.8,0.6,1.6,0,73.9,5.8,Fair,6,Bachelor,Good,6,0,100,2.2,0
S1518,24,Female,5,2.6,3.1,0,94.8,4.7,Poor,0,Bachelor,Good,5,0,79.6,5.7,0
S1519,18,Male,2.9,2.2,1.7,1,99,5.3,Good,2,Bachelor,Average,7,0,71.2,3.9000000000000004,2
S1520,24,Female,4.1,3.3,0.6,1,78.7,5.1,Good,2,Bachelor,Good,1,0,62.7,3.9,2
S1521,23,Male,3.5,2.1,1.4,0,82.2,7.7,Fair,1,High School,Good,3,0,64.2,3.5,0
S1522,22,Female,2.1,2.1,2,0,74.6,5.7,Fair,0,High School,Good,6,1,44.1,4.1,1
S1523,23,Other,4,3.4,3.2,0,83,6.6,Good,5,High School,Average,1,0,61.7,6.6,0
S1524,18,Female,1.7,2.9,2.5,0,84.6,6,Good,0,Bachelor,Average,7,1,39.9,5.4,1
S1525,23,Male,5.3,2.9,0.9,0,91.6,5,Good,4,High School,Poor,4,0,84.1,3.8,0
S1526,19,Female,2.8,3.1,4.5,0,95.9,6.3,Fair,2,None,Good,3,0,40.7,7.6,0
S1527,18,Female,3.8,0.7,2.1,0,77.5,7.2,Good,5,Bachelor,Good,10,0,81.8,2.8,0
S1528,18,Male,3.9,3.4,3.2,0,65.3,5.1,Fair,6,High School,Average,9,1,77,6.6,1
S1529,18,Female,3.1,3.2,1.6,0,84.8,7.5,Fair,6,Master,Good,1,0,65.7,4.800000000000001,0
S1530,17,Male,4.4,1.3,2.4,0,87.9,5.5,Good,2,Master,Good,8,1,80.9,3.7,1
S1531,24,Female,2.8,2.2,2.7,0,87.5,5.9,Good,0,None,Good,1,1,47.4,4.9,1
S1532,17,Male,4.8,2.5,3.1,1,81.7,7.1,Fair,5,High School,Good,5,1,83,5.6,3
S1533,17,Male,1.5,2.3,3,0,86.2,5.7,Fair,1,High School,Good,10,0,54.2,5.3,0
S1534,19,Male,3.7,2.9,2.8,0,100,6.5,Good,6,Bachelor,Average,8,0,82.5,5.699999999999999,0
S1535,22,Female,6.4,4.2,1.5,1,88.8,6.1,Fair,0,High School,Good,6,0,85,5.7,2
S1536,24,Male,2,3.8,1.2,0,81.3,6.7,Good,1,Bachelor,Good,7,1,40.4,5,1
S1537,23,Female,2.5,0.9,2.2,1,80,3.6,Good,5,Bachelor,Average,8,0,58.9,3.1,2
S1538,21,Male,4.3,3.2,2.8,0,83.3,4.3,Poor,2,High School,Poor,6,0,67.5,6,0
S1539,18,Male,3.8,4.1,1.6,0,100,7.2,Good,4,None,Good,6,1,81,5.699999999999999,1
S1540,23,Female,4,3,3,0,83.2,7.7,Good,3,Bachelor,Average,6,1,74.7,6,1
S1541,18,Female,4.2,3.8,3.4,1,84.8,5.4,Good,2,High School,Good,5,0,67.4,7.199999999999999,2
S1542,19,Male,4.5,4.9,0.8,0,80.2,6.2,Good,1,Bachelor,Poor,8,0,72.2,5.7,0
S1543,18,Female,5.2,3.7,0.9,0,96,6.9,Good,0,High School,Poor,2,0,77.1,4.6000000000000005,0
S1544,17,Female,4.1,2.8,1.6,0,100,7.3,Poor,6,Bachelor,Average,7,0,87.9,4.4,0
S1545,24,Female,3.1,3.8,2.1,0,89.5,4.1,Fair,5,Master,Average,4,1,54.1,5.9,1
S1546,21,Male,4.5,2.7,1.2,1,85.8,5.4,Good,2,Master,Good,1,1,62.9,3.9000000000000004,3
S1547,20,Male,6.3,2.5,3.3,0,85.4,6.1,Fair,6,High School,Good,5,0,95.6,5.8,0
S1548,18,Female,3.3,2.1,2.3,0,61.2,7.3,Poor,6,High School,Poor,3,0,67.1,4.4,0
S1549,23,Male,2,4.4,1.8,0,92.5,9.5,Good,4,Bachelor,Average,4,0,51.5,6.2,0
S1550,17,Female,5.2,1.5,0.2,1,86.3,6.2,Good,5,High School,Average,7,0,97.9,1.7,2
S1551,20,Female,3.3,4.3,0.4,1,89.3,4.8,Poor,1,High School,Average,5,0,67,4.7,2
S1552,21,Female,0.2,3.1,2.1,1,77.9,7,Good,5,Master,Good,4,1,31.5,5.2,3
S1553,20,Female,4.8,0.8,0,0,81.2,8.1,Good,5,High School,Average,1,0,88,0.8,0
S1554,17,Other,2.7,2.9,2.9,0,80.9,6.6,Fair,0,None,Poor,6,0,53.4,5.8,0
S1555,24,Male,3.4,0,1.6,0,95.2,5.4,Good,3,None,Average,10,1,83.4,1.6,1
S1556,24,Female,4,3.3,5.4,0,81.2,7.6,Fair,6,Bachelor,Poor,6,0,79,8.7,0
S1557,22,Male,3.8,3.6,4.3,0,100,7.3,Poor,1,Bachelor,Poor,7,1,69.9,7.9,1
S1558,24,Male,4.6,1.8,1.6,0,89.3,5.3,Fair,0,High School,Average,1,1,60.1,3.4000000000000004,1
S1559,22,Female,2.8,2.6,1.7,0,72.2,7,Fair,6,High School,Good,4,0,70.3,4.3,0
S1560,20,Female,4.3,4.8,2.9,1,83.7,7.7,Fair,3,High School,Good,9,0,79.8,7.699999999999999,2
S1561,19,Other,3.1,1.9,3.7,0,78.5,7.9,Good,0,Bachelor,Good,10,1,66.6,5.6,1
S1562,23,Female,4.6,1.2,0,0,63.1,6.4,Good,3,None,Average,6,0,91.7,1.2,0
S1563,23,Male,4.4,4.3,0,1,100,6.1,Fair,3,Master,Average,2,0,70.1,4.3,2
S1564,20,Male,2.1,4.9,1.1,0,92,8,Good,3,High School,Average,4,0,61.5,6,0
S1565,18,Female,5.1,2.5,2.4,0,90.3,5,Poor,0,Master,Good,6,0,79.3,4.9,0
S1566,18,Male,2.7,3.7,2.3,0,86.7,7,Poor,5,High School,Good,4,1,63.9,6,1
S1567,24,Male,4.7,4.1,3,0,71.2,4.9,Good,3,Bachelor,Poor,10,1,93.1,7.1,1
S1568,23,Male,4.1,1.6,0.5,0,80.2,7.8,Poor,5,High School,Poor,7,1,89.8,2.1,1
S1569,23,Male,6.3,1.9,0,0,93.4,6.2,Fair,6,None,Good,3,1,100,1.9,1
S1570,22,Male,3.2,4,2.7,0,74.5,8,Good,6,Master,Good,6,1,61.8,6.7,1
S1571,19,Male,3,4.5,0.9,0,59.7,7.1,Fair,1,Master,Good,4,1,51.5,5.4,1
S1572,17,Male,3.5,3.2,0,0,82.7,5,Good,4,High School,Good,3,0,60.4,3.2,0
S1573,18,Male,3,1.4,2,0,83.6,8.2,Fair,5,Bachelor,Good,3,0,67.2,3.4,0
S1574,23,Other,4.7,4.9,2.7,0,86.4,8.4,Poor,6,Bachelor,Average,2,0,89.6,7.6000000000000005,0
S1575,22,Male,1.1,1.9,1.7,0,92.3,7.6,Fair,4,Master,Good,3,1,48.3,3.5999999999999996,1
S1576,21,Male,1.9,2.1,1.3,0,91.4,5.6,Fair,3,High School,Good,10,0,61.7,3.4000000000000004,0
S1577,22,Female,1.9,2.9,1.6,1,87.6,6.1,Fair,4,Bachelor,Good,1,1,44.4,4.5,3
S1578,18,Male,4.9,4.4,1.4,1,97,6.7,Fair,4,High School,Average,3,0,77.2,5.800000000000001,2
S1579,18,Female,6.1,3.5,0.3,1,69.8,5.7,Good,3,High School,Average,9,1,100,3.8,3
S1580,22,Female,3.3,3,1,0,90,8.5,Good,5,Master,Average,4,0,73,4,0
S1581,17,Male,3.2,3.1,2.4,0,91.3,6.7,Fair,3,High School,Average,3,0,68.5,5.5,0
S1582,20,Male,3.6,2.6,2.2,0,72.6,3.3,Fair,1,High School,Good,8,0,61,4.800000000000001,0
S1583,18,Female,5.2,3.2,2,0,70,6.9,Fair,2,Bachelor,Poor,1,1,70.5,5.2,1
S1584,22,Female,2.1,0,0.7,0,77.5,6.1,Good,0,Bachelor,Average,5,0,52.5,0.7,0
S1585,23,Male,3.9,2.1,1.6,0,78.4,6.4,Good,3,High School,Good,1,0,62.8,3.7,0
S1586,22,Female,5,2.8,0,1,92.5,6.1,Fair,3,High School,Poor,7,1,83.5,2.8,3
S1587,19,Male,4.3,1.1,2,0,78.9,7.5,Good,4,Master,Average,5,0,71.4,3.1,0
S1588,20,Other,3.8,3,3.4,0,76.4,7.8,Fair,1,High School,Average,2,0,61.5,6.4,0
S1589,21,Male,5,2.3,0.2,0,78.9,6.8,Poor,6,Bachelor,Good,1,0,75.4,2.5,0
S1590,17,Female,0,4.6,1.2,0,96.2,6.1,Poor,6,Bachelor,Average,7,0,42,5.8,0
S1591,24,Female,4.5,4.4,2.2,0,85.1,6.5,Fair,4,High School,Good,1,0,64,6.6000000000000005,0
S1592,21,Female,2.5,1.9,3.2,1,83.2,6.5,Fair,5,Master,Average,3,0,60.1,5.1,2
S1593,20,Female,0.8,2.3,1.3,1,83.9,5.5,Poor,3,Bachelor,Good,6,0,34.7,3.5999999999999996,2
S1594,20,Male,4.3,2.4,1,1,97.9,7.2,Good,3,High School,Average,6,0,88,3.4,2
S1595,20,Male,5.6,2,0,0,77.5,7.1,Fair,4,Bachelor,Average,7,0,100,2,0
S1596,21,Male,3.3,2.7,1.9,0,98.2,8.3,Fair,3,Bachelor,Poor,1,0,66.1,4.6,0
S1597,23,Male,4.9,1.6,4,0,87.1,8,Fair,5,Bachelor,Poor,7,0,95.5,5.6,0
S1598,20,Female,5.9,1.1,2.1,1,83.4,5.7,Poor,2,Master,Average,2,1,86.4,3.2,3
S1599,22,Male,5.5,3.2,1.8,0,100,7.5,Fair,0,High School,Poor,6,0,77.3,5,0
S1600,21,Male,6,3.3,2.2,0,74.4,5.4,Fair,0,High School,Average,8,1,90.2,5.5,1
S1601,24,Other,4.6,1.5,1.8,0,81.5,7.3,Fair,0,High School,Good,5,1,80.2,3.3,1
S1602,20,Female,3.6,3.6,0.9,0,72.7,5.9,Poor,2,None,Average,10,1,72.9,4.5,1
S1603,22,Female,1.1,1.7,2.7,0,94.5,5.3,Fair,3,None,Average,3,0,35.8,4.4,0
S1604,23,Other,3.1,2.8,2,0,100,6.8,Poor,4,Master,Good,8,1,72.8,4.8,1
S1605,19,Male,2.2,3.5,1.8,0,100,3.3,Good,6,Bachelor,Good,8,0,67.6,5.3,0
S1606,23,Male,6.8,2.5,0.7,0,97.2,4.4,Good,1,Bachelor,Poor,4,0,93.1,3.2,0
S1607,24,Female,3.2,3,3.2,0,83,6.3,Poor,3,Bachelor,Average,8,1,57.5,6.2,1
S1608,20,Female,3.7,1.9,2.5,0,81.3,6.6,Fair,2,Bachelor,Good,5,1,61.1,4.4,1
S1609,24,Male,4.3,2.3,1.2,0,68.3,6.1,Poor,5,High School,Poor,5,0,77.4,3.5,0
S1610,21,Female,3.6,2.3,2.9,0,100,4.6,Fair,2,Master,Good,3,0,69.6,5.199999999999999,0
S1611,18,Male,6,1.6,1.3,0,89.7,5.5,Fair,6,High School,Poor,7,0,100,2.9000000000000004,0
S1612,20,Male,2.6,2.3,0.9,0,80.1,7,Fair,0,Master,Good,9,0,69.3,3.1999999999999997,0
S1613,18,Female,3.8,0.6,1,0,98.3,7.2,Fair,3,Bachelor,Average,9,0,85.7,1.6,0
S1614,22,Female,2.4,1.9,0,0,75.3,6.5,Good,6,High School,Good,1,0,53.9,1.9,0
S1615,19,Female,1.5,2.2,2.3,0,89.1,7.9,Fair,0,Bachelor,Average,1,0,43.7,4.5,0
S1616,17,Male,2.6,2.2,0,0,83.3,7,Fair,1,Bachelor,Good,10,0,79.3,2.2,0
S1617,24,Female,3.4,2.2,0.4,0,91.4,5.6,Fair,5,High School,Poor,5,0,71.3,2.6,0
S1618,23,Male,2.9,2.4,0,0,84.4,6.2,Good,0,Bachelor,Average,1,1,61.4,2.4,1
S1619,19,Male,2.5,3.1,1.7,0,70.5,4.8,Good,1,High School,Good,4,0,45.1,4.8,0
S1620,20,Female,1.4,3.5,1.6,0,85.8,6.4,Fair,2,None,Average,1,0,39.8,5.1,0
S1621,18,Female,3.4,1.7,1.4,0,95.5,7.8,Good,0,Master,Good,2,0,70.7,3.0999999999999996,0
S1622,23,Female,1.2,1.1,0.7,0,84.7,7.3,Fair,0,Bachelor,Average,2,1,35.6,1.8,1
S1623,18,Female,4.6,1.2,0.5,0,92.8,8.2,Good,4,Master,Good,4,0,93,1.7,0
S1624,21,Female,3.6,1.9,2.3,0,74.5,6.1,Good,5,Bachelor,Average,8,1,83.2,4.199999999999999,1
S1625,18,Female,1.3,2.1,1.2,0,84.7,8.1,Poor,5,High School,Good,2,1,46.6,3.3,1
S1626,21,Male,3,1.6,2.1,0,78.8,6.3,Good,6,Bachelor,Good,9,1,70.8,3.7,1
S1627,22,Male,2.4,0.9,0.8,0,92.5,8.3,Fair,2,Bachelor,Average,9,0,78.3,1.7000000000000002,0
S1628,23,Male,4,2,2,0,85.3,6.5,Fair,4,Master,Good,2,1,70.7,4,1
S1629,23,Male,5.5,2.7,3.2,1,91.9,7.3,Fair,6,High School,Good,1,0,82.6,5.9,2
S1630,17,Female,0.7,3.2,2.4,0,95.9,8.3,Good,1,Master,Average,10,1,50.3,5.6,1
S1631,20,Female,3.7,1.8,1.3,0,91.9,6.3,Fair,6,Master,Good,10,0,80.9,3.1,0
S1632,21,Male,3.3,2,2.1,0,87.7,6.8,Poor,1,Bachelor,Poor,9,1,75.4,4.1,1
S1633,17,Male,4.5,1.4,1.5,0,75,8,Good,2,Master,Good,2,1,83.7,2.9,1
S1634,18,Female,3.8,2.5,1.8,0,85,6.3,Poor,5,High School,Average,8,0,76.8,4.3,0
S1635,18,Male,2.4,1.5,1.4,0,79.7,4.9,Poor,1,Master,Poor,3,0,45.8,2.9,0
S1636,17,Female,3,3.2,1.6,0,81.6,9.1,Fair,2,Bachelor,Average,1,1,58.4,4.800000000000001,1
S1637,23,Female,2.3,0.4,2,0,81.3,5.9,Fair,6,None,Good,1,1,70.3,2.4,1
S1638,18,Female,5.1,2.1,0.7,1,75.2,6.7,Fair,1,Master,Good,10,1,99.4,2.8,3
S1639,24,Female,3.5,2.9,0.7,0,65.4,7.9,Poor,3,High School,Good,2,0,62.9,3.5999999999999996,0
S1640,22,Female,6.4,2.7,0.3,1,78.3,5.8,Good,0,High School,Average,7,0,98,3,2
S1641,22,Male,3.4,5.7,0,0,86.9,5.3,Good,6,Bachelor,Poor,6,0,74.7,5.7,0
S1642,24,Female,2.4,2.9,0.5,0,71.5,6.8,Fair,5,High School,Good,2,1,50.4,3.4,1
S1643,17,Female,1.2,1.3,2,0,85.2,4.3,Fair,6,High School,Good,4,0,49.4,3.3,0
S1644,24,Male,0.8,2.4,0.8,0,100,6.2,Fair,3,Bachelor,Average,2,1,35.3,3.2,1
S1645,21,Female,1.1,0.4,2.4,1,95.2,6.8,Good,2,None,Average,1,1,46.3,2.8,3
S1646,21,Female,3.9,2.4,1.8,0,100,6.2,Poor,2,High School,Average,3,0,68.4,4.2,0
S1647,17,Female,4.3,1.5,0,0,88.9,4.6,Poor,6,None,Average,4,0,84.2,1.5,0
S1648,24,Female,1.1,3.6,2.5,0,96.7,8.4,Good,3,High School,Good,10,1,54.6,6.1,1
S1649,21,Female,4.8,1.8,2.7,0,77.8,6.6,Fair,6,Bachelor,Average,5,0,88,4.5,0
S1650,23,Female,2.8,2.4,0.7,0,78.6,8.2,Fair,0,Bachelor,Good,5,0,61.5,3.0999999999999996,0
S1651,24,Female,3.7,1.7,2.3,1,57.6,6.2,Good,0,Master,Average,7,0,75.7,4,2
S1652,23,Female,5.9,4.6,0.9,0,96.9,5.4,Good,4,Bachelor,Average,10,0,100,5.5,0
S1653,21,Female,4.8,2.1,1.9,0,100,6.8,Fair,1,High School,Good,8,0,82.6,4,0
S1654,22,Female,3.1,4.7,0.4,0,79.5,6.2,Good,4,Master,Good,9,0,71.5,5.1000000000000005,0
S1655,21,Female,2.2,3.5,0,0,82.5,5.1,Poor,0,Bachelor,Average,7,0,57.6,3.5,0
S1656,23,Male,0.3,3.1,1.4,1,77.5,8.3,Good,3,Bachelor,Good,5,0,36.1,4.5,2
S1657,19,Female,2.4,2.9,1.7,0,88.8,5.8,Fair,1,Bachelor,Average,9,1,67.4,4.6,1
S1658,20,Female,3.2,3,1.4,1,96.2,4.3,Good,3,Master,Good,8,0,74.8,4.4,2
S1659,18,Male,2,0.2,0.5,0,67.6,8.1,Good,4,Bachelor,Average,10,1,73.6,0.7,1
S1660,24,Female,3.3,2.2,1.4,0,89.1,5.9,Good,2,High School,Good,9,1,79.5,3.6,1
S1661,19,Male,3.6,3.5,2.1,0,82.2,5.8,Good,3,Bachelor,Poor,10,0,62.5,5.6,0
S1662,21,Male,3.2,2.4,1.8,0,86.1,4.4,Fair,4,None,Average,8,1,76.3,4.2,1
S1663,22,Female,2.5,0.8,2,0,89.6,8.6,Fair,4,High School,Good,6,0,75.6,2.8,0
S1664,17,Male,3.8,2.4,1.1,0,83.1,5,Fair,4,High School,Good,4,0,64.4,3.5,0
S1665,21,Female,4.2,4.5,3.1,0,84,6.6,Good,2,High School,Average,9,0,75.3,7.6,0
S1666,22,Female,1.9,4,0.5,1,82.9,7.6,Good,2,None,Average,9,1,50.4,4.5,3
S1667,20,Female,5.6,2.4,2.3,0,94.7,7,Fair,6,High School,Average,10,1,100,4.699999999999999,1
S1668,21,Male,3.4,3.6,3.1,0,89.2,6.4,Good,2,Bachelor,Good,10,0,76.4,6.7,0
S1669,23,Male,3.5,2.1,2.3,0,87.2,4.5,Good,1,Bachelor,Good,9,0,69.9,4.4,0
S1670,17,Female,4.6,0.5,1.6,0,72.3,5.5,Good,2,Master,Good,10,1,88.9,2.1,1
S1671,22,Other,3.8,1.4,1.2,0,81.2,6.7,Good,2,High School,Average,3,1,70.4,2.5999999999999996,1
S1672,22,Female,4.9,4.4,2.9,0,94,5.6,Fair,2,Bachelor,Good,3,0,69.4,7.300000000000001,0
S1673,22,Male,3.9,2.2,0.2,0,85.4,6.7,Poor,3,Master,Average,6,1,84.9,2.4000000000000004,1
S1674,20,Female,2.6,2.2,0.7,0,91.6,7.3,Poor,2,High School,Poor,6,0,63.6,2.9000000000000004,0
S1675,21,Female,4,2.1,1.4,0,100,7.7,Fair,1,Bachelor,Good,6,0,82.2,3.5,0
S1676,20,Female,1.8,4.8,3.2,0,95.4,5,Good,4,Bachelor,Good,5,0,37.4,8,0
S1677,24,Male,3.7,4.5,2.2,0,85.9,9.1,Good,3,None,Good,5,0,73.8,6.7,0
S1678,18,Female,3.5,5.2,0.7,1,79.9,7.4,Good,0,Master,Good,2,1,53.4,5.9,3
S1679,18,Female,3.2,2.3,1.5,0,59.5,6.5,Good,2,Bachelor,Good,7,0,64.2,3.8,0
S1680,24,Other,3.3,2.9,1.1,0,83.3,7.8,Poor,6,None,Good,4,0,70.4,4,0
S1681,21,Male,0.7,0.7,1,0,81.7,9.3,Poor,6,None,Average,3,0,51.5,1.7,0
S1682,23,Female,2.7,4.3,2.9,0,88.9,4.8,Poor,4,None,Average,8,0,53.4,7.199999999999999,0
S1683,20,Female,3.6,1.1,0.3,1,83.5,6.2,Fair,4,High School,Good,4,0,77.2,1.4000000000000001,2
S1684,17,Male,3.7,2.8,3.6,0,81.8,3.6,Fair,3,Bachelor,Good,4,1,59.8,6.4,1
S1685,22,Female,2,1.2,2.7,0,67.2,6.7,Poor,6,Bachelor,Average,8,0,55.4,3.9000000000000004,0
S1686,22,Female,5.4,1.8,3,1,75.6,6.9,Fair,0,High School,Average,1,0,69.9,4.8,2
S1687,21,Male,2.2,1.5,1.3,1,89.8,6.5,Poor,5,Master,Average,9,0,71.6,2.8,2
S1688,23,Male,5,1.8,1.6,0,100,5.7,Good,6,High School,Poor,7,0,92.9,3.4000000000000004,0
S1689,18,Female,4.1,1.9,0.2,0,84,4,Fair,6,None,Good,2,0,72.4,2.1,0
S1690,18,Male,2.5,1.8,1.2,1,88.3,6.9,Fair,1,High School,Average,6,0,70.5,3,2
S1691,22,Female,6.2,3.5,2.3,0,94.5,8.2,Fair,5,Bachelor,Good,8,0,100,5.8,0
S1692,21,Male,1.7,1.2,3.2,0,76.9,5.8,Good,4,High School,Average,5,1,37.4,4.4,1
S1693,20,Female,4.9,2.8,0.6,0,88.7,7,Fair,5,High School,Average,6,0,88.7,3.4,0
S1694,18,Male,5,4,1.4,0,77.6,4.6,Fair,6,High School,Poor,10,0,88.6,5.4,0
S1695,20,Female,2.5,1.9,1.6,0,93.6,7,Good,4,Bachelor,Good,8,0,68.5,3.5,0
S1696,23,Other,5.6,1.6,0.3,0,86.5,6,Fair,5,Master,Good,6,0,100,1.9000000000000001,0
S1697,18,Other,3.1,2.2,2.5,0,88,5.6,Good,4,High School,Good,9,0,66.9,4.7,0
S1698,18,Female,3.9,3.9,1,0,77.2,5.6,Fair,4,High School,Poor,9,0,71.5,4.9,0
S1699,19,Male,3.9,2.7,1.6,0,92.1,6,Fair,3,Bachelor,Average,9,0,77.8,4.300000000000001,0
S1700,18,Female,3.3,1.9,1.3,0,100,7,Poor,0,Bachelor,Poor,6,1,67.7,3.2,1
S1701,24,Male,4.7,3.1,0.9,0,74.9,4.9,Good,4,High School,Average,9,1,96.4,4,1
S1702,17,Male,4.7,1.2,1.8,0,81.6,6,Fair,1,Master,Good,3,0,83.1,3,0
S1703,24,Male,0.9,3.3,1.6,1,87.3,6.5,Poor,6,Bachelor,Good,5,0,37.9,4.9,2
S1704,21,Female,5.5,3,1.4,0,92.9,5.2,Fair,6,High School,Good,2,1,76.3,4.4,1
S1705,21,Female,1,2.1,1,0,79.4,8.7,Fair,1,Bachelor,Average,8,1,52.6,3.1,1
S1706,20,Female,5,1.5,2.2,0,56.7,5.5,Poor,2,Master,Average,4,0,83.6,3.7,0
S1707,24,Male,5.2,1.4,3.6,0,98.6,5.7,Good,4,Bachelor,Average,6,0,92,5,0
S1708,24,Male,1.9,3.1,2,0,92.6,5.3,Good,4,None,Poor,6,0,53.2,5.1,0
S1709,24,Other,2.9,4,2.9,0,67.6,8.7,Poor,4,High School,Good,5,1,56.4,6.9,1
S1710,23,Male,1.8,1.7,0.3,0,78.9,7.2,Fair,5,High School,Good,1,0,58.1,2,0
S1711,18,Male,3.2,3.1,2,0,100,5.4,Good,4,High School,Average,7,0,70.9,5.1,0
S1712,17,Male,3,0,0.6,1,99.5,7.8,Fair,4,Bachelor,Average,10,0,98.7,0.6,2
S1713,20,Female,4.7,1.8,0.2,1,94.4,6.7,Fair,1,Bachelor,Good,8,0,83.3,2,2
S1714,24,Female,5.5,2.5,1,0,83.2,6.8,Fair,0,Bachelor,Good,1,1,80.6,3.5,1
S1715,24,Male,5.6,1.4,3.1,0,85.8,6.1,Good,0,Master,Good,10,0,91.3,4.5,0
S1716,19,Male,2.7,1.4,2.8,0,83.7,5.6,Good,2,High School,Average,7,1,63.5,4.199999999999999,1
S1717,20,Female,3.2,1.7,2.1,1,96.3,6.9,Good,1,Master,Average,4,1,66.3,3.8,3
S1718,24,Female,1,2.9,0.1,0,76.2,5.8,Poor,4,Bachelor,Good,6,0,49.9,3,0
S1719,20,Male,2.3,2.3,1.6,1,76.9,8.7,Fair,0,High School,Good,9,0,68.9,3.9,2
S1720,18,Female,4.9,0,2.1,1,95.1,5,Good,3,Bachelor,Average,5,0,94.2,2.1,2
S1721,19,Male,5.9,0,2,1,84.6,8.3,Poor,3,High School,Good,8,0,100,2,2
S1722,20,Male,1.6,1.8,0,0,98.8,6.4,Good,3,Bachelor,Good,5,0,58.6,1.8,0
S1723,17,Female,2.6,3,0.8,0,78.3,6.9,Good,4,Bachelor,Average,2,0,53.2,3.8,0
S1724,17,Male,3.5,0,1.7,0,84.5,7.5,Poor,4,High School,Average,4,1,70.5,1.7,1
S1725,21,Female,3.9,1.9,2.4,0,75.8,5.7,Good,2,Bachelor,Average,2,0,64,4.3,0
S1726,19,Male,2.3,1.9,0,1,85.1,7.5,Fair,6,Bachelor,Poor,7,1,77.4,1.9,3
S1727,19,Male,4.1,4.2,1.6,0,70.2,3.3,Good,2,High School,Good,7,0,57.4,5.800000000000001,0
S1728,21,Other,2.8,2,2,0,80.1,5.6,Fair,2,None,Average,3,1,59.9,4,1
S1729,20,Male,3.5,3,2.7,0,70.6,5.4,Fair,5,High School,Good,7,0,66.7,5.7,0
S1730,19,Female,4.3,2.7,2.6,1,91.9,5,Good,3,Bachelor,Good,1,0,58.4,5.300000000000001,2
S1731,17,Male,3.5,0,2.4,0,92.2,6.2,Good,4,Master,Poor,1,0,63.6,2.4,0
S1732,17,Male,2.8,3.4,0.9,0,67.7,7,Poor,3,Master,Average,9,0,62.6,4.3,0
S1733,24,Male,3.3,2.8,0,0,98.3,7.3,Fair,2,Bachelor,Good,6,0,70.6,2.8,0
S1734,18,Female,3.4,3.1,1.4,0,100,6.8,Poor,4,Bachelor,Good,5,0,75.2,4.5,0
S1735,19,Male,2.9,7.2,2.9,1,85.5,5.7,Fair,1,High School,Good,6,0,50.1,10.1,2
S1736,20,Female,3.1,0,3.3,0,78.6,6.9,Fair,0,Bachelor,Average,6,0,72.8,3.3,0
S1737,21,Male,5.9,4.6,2.6,1,100,6.6,Fair,0,High School,Average,1,1,72.7,7.199999999999999,3
S1738,21,Other,4.3,2.2,2.3,0,71.8,7.6,Fair,2,High School,Good,5,1,76,4.5,1
S1739,20,Male,3.1,2.8,2.2,0,85.2,7.4,Poor,6,Bachelor,Good,9,1,74.1,5,1
S1740,23,Female,4.5,2.4,1.2,1,86.8,6.5,Poor,3,None,Average,4,1,79,3.5999999999999996,3
S1741,22,Female,3,2,1.7,0,98.5,5.4,Poor,1,Bachelor,Good,3,0,51.3,3.7,0
S1742,18,Female,5.3,1.8,3.6,0,88.6,5.7,Fair,4,Bachelor,Average,1,1,71,5.4,1
S1743,21,Female,4.1,2.9,0.8,1,80,5.8,Good,6,High School,Good,2,1,76.4,3.7,3
S1744,19,Female,3.3,0.7,3.6,0,75.5,6.1,Poor,3,High School,Good,3,1,52.6,4.3,1
S1745,18,Female,4.2,3.4,1.4,0,81.6,6.8,Good,2,Master,Average,4,0,74,4.8,0
S1746,19,Male,1.1,2,3.3,0,74.9,7.4,Good,3,Bachelor,Good,7,0,42.6,5.3,0
S1747,23,Male,1.8,1.1,0.3,0,85.5,6.4,Good,2,High School,Average,6,0,49.8,1.4000000000000001,0
S1748,17,Female,1.7,2,2.4,0,79.4,6.5,Good,5,High School,Average,8,0,45.7,4.4,0
S1749,18,Female,3.7,4,1,0,70.1,6.7,Good,0,Bachelor,Poor,9,1,77.2,5,1
S1750,24,Female,6.1,1.9,0.2,0,97.6,5.9,Poor,6,Bachelor,Poor,6,0,98.5,2.1,0
S1751,21,Female,6.8,2.9,2,0,80,5.4,Fair,0,High School,Average,7,0,96.2,4.9,0
S1752,18,Male,4.5,1.6,2.9,1,72.3,4.4,Good,3,High School,Good,4,1,71.3,4.5,3
S1753,18,Male,4.3,3.4,0.9,0,83.3,5.7,Fair,1,Master,Good,2,0,59.2,4.3,0
S1754,18,Female,0.8,3.3,0.2,0,85.7,7.1,Good,4,Bachelor,Poor,9,0,51.8,3.5,0
S1755,22,Male,2.7,4.7,1.7,1,67.5,5.7,Poor,2,Master,Good,9,0,59.3,6.4,2
S1756,18,Male,2.3,2.3,1.7,0,88.3,6.2,Good,4,Bachelor,Good,4,0,58.5,4,0
S1757,19,Female,2.6,3.3,2.4,0,74.5,7.1,Fair,0,Master,Good,3,1,44.5,5.699999999999999,1
S1758,17,Male,3.2,2.6,2.8,0,100,7.1,Fair,1,High School,Good,10,1,75.4,5.4,1
S1759,23,Female,2.8,4.1,1.7,1,90.2,5.2,Fair,1,Bachelor,Average,6,1,54.9,5.8,3
S1760,20,Male,0.5,1.6,3.8,1,81,7.7,Good,4,None,Average,3,1,30.2,5.4,3
S1761,18,Female,4.6,3.4,2,0,77.5,7.9,Good,0,Bachelor,Good,1,1,71.8,5.4,1
S1762,21,Male,1.9,2.3,1.4,0,84,5.1,Fair,4,High School,Poor,4,0,51.8,3.6999999999999997,0
S1763,18,Male,3.9,2.4,0,1,91.1,5.5,Good,3,High School,Poor,1,1,59.5,2.4,3
S1764,21,Male,6.6,2.6,1.5,0,84.7,7.9,Fair,1,Master,Poor,2,0,96.6,4.1,0
S1765,19,Male,2.1,2.8,1.4,1,82.8,6.3,Poor,1,Master,Average,3,0,44.1,4.199999999999999,2
S1766,21,Male,0,2.4,2.9,0,85.6,3.8,Poor,3,None,Average,8,0,30.5,5.3,0
S1767,24,Male,3.1,2.8,2.3,0,79,4.8,Poor,0,Bachelor,Average,10,0,63.7,5.1,0
S1768,20,Female,5.2,4.4,0.5,0,81.6,6.2,Fair,1,High School,Poor,4,0,74,4.9,0
S1769,17,Male,6.4,3.7,2,0,64.1,5.1,Fair,6,High School,Good,4,0,98.8,5.7,0
S1770,21,Female,1.7,3.5,2.5,0,94.7,6,Good,5,Bachelor,Good,10,0,53,6,0
S1771,21,Female,4.2,2,3.5,0,88,6.5,Good,5,High School,Average,9,0,84.6,5.5,0
S1772,17,Female,2.8,1.4,2.8,0,77.3,8.3,Poor,5,Master,Poor,7,0,73,4.199999999999999,0
S1773,20,Male,3.3,3.6,2.6,0,100,6.2,Fair,2,High School,Poor,2,1,57.1,6.2,1
S1774,18,Female,7.5,3.6,1.9,1,85.9,7.8,Fair,6,Bachelor,Average,3,0,100,5.5,2
S1775,21,Male,1.2,4.3,2.2,0,74.6,8.2,Fair,2,Bachelor,Average,4,0,36.2,6.5,0
S1776,17,Male,3.9,1.8,3.2,0,93.6,8.2,Poor,0,High School,Average,4,0,65.6,5,0
S1777,24,Other,4.2,2.2,0.3,1,89,6.8,Poor,3,High School,Good,10,1,87.5,2.5,3
S1778,24,Male,5.1,0.5,1.4,0,88.9,4.1,Good,4,Bachelor,Average,8,0,100,1.9,0
S1779,19,Female,3.6,2,1,1,80.7,7.1,Good,6,Bachelor,Average,10,0,85.6,3,2
S1780,17,Female,4,3.7,2.2,0,89.5,7.8,Poor,0,High School,Average,10,1,89.4,5.9,1
S1781,19,Female,2.9,1.9,3.2,0,82.4,6.4,Fair,4,Bachelor,Good,6,0,66.9,5.1,0
S1782,24,Female,3.9,3.3,1.1,1,90.6,8.6,Fair,0,None,Good,3,0,56,4.4,2
S1783,20,Male,3,2.3,0,0,66,7.5,Good,2,High School,Good,9,0,77.9,2.3,0
S1784,18,Male,4.4,2.9,1.3,0,80.7,7.2,Fair,5,High School,Good,10,0,91.3,4.2,0
S1785,17,Female,2.9,1.1,2.8,0,100,7.8,Poor,3,None,Average,8,0,68.4,3.9,0
S1786,23,Male,4.1,2.6,2.4,0,77.3,6.9,Good,2,Bachelor,Average,9,0,85.3,5,0
S1787,24,Male,3.5,0,2.3,0,79,3.5,Fair,3,Bachelor,Good,5,1,64.4,2.3,1
S1788,24,Male,5.2,2.3,1.5,0,80.5,5.9,Fair,6,Master,Poor,3,0,82.8,3.8,0
S1789,23,Male,3.4,0.5,0.4,0,72.9,7.9,Fair,4,Bachelor,Good,4,0,78,0.9,0
S1790,22,Male,0.8,3.9,2.4,0,62.9,5.5,Fair,0,Master,Good,5,0,31.5,6.3,0
S1791,24,Male,5.4,3.4,0.9,0,82.7,6.2,Fair,1,Bachelor,Good,9,0,92.3,4.3,0
S1792,21,Female,2.1,3.1,4.2,0,86.4,5.2,Fair,1,Bachelor,Poor,9,1,50.1,7.300000000000001,1
S1793,20,Female,2.5,4.3,2.4,0,84.5,8.6,Fair,3,Master,Good,3,0,49.4,6.699999999999999,0
S1794,17,Female,2.6,1.4,1.2,0,83.6,8.5,Poor,5,Bachelor,Average,7,0,80.3,2.5999999999999996,0
S1795,23,Male,5.6,4.6,1.1,0,85.4,5.4,Good,5,None,Poor,6,1,89.7,5.699999999999999,1
S1796,21,Male,0.3,3.6,1.7,0,95.2,6.7,Poor,3,Bachelor,Average,4,1,33.6,5.3,1
S1797,23,Male,8.2,2.2,1.5,0,83.1,5.7,Poor,2,Master,Good,5,1,100,3.7,1
S1798,17,Female,5.1,3.9,3,0,79.3,7.2,Good,1,Bachelor,Average,10,0,90.6,6.9,0
S1799,19,Female,3.8,1.2,2,0,82.2,7.1,Good,2,Bachelor,Average,2,1,66.3,3.2,1
S1800,17,Male,3.4,1.5,1,0,90.8,7.5,Good,4,Bachelor,Poor,7,1,86.1,2.5,1
S1801,22,Female,3.9,1.8,3.9,0,99.1,6.9,Fair,1,Master,Good,4,0,65.5,5.7,0
S1802,17,Male,4.3,1.9,1.9,0,78.7,10,Fair,4,None,Good,2,0,82.9,3.8,0
S1803,17,Female,4.5,1.2,2.6,0,86,5.3,Good,0,Bachelor,Good,6,1,76.3,3.8,1
S1804,22,Female,4.3,4,1.1,1,88.4,4.4,Good,2,High School,Average,2,1,59,5.1,3
S1805,20,Female,3.6,2.2,2.2,0,75.1,6,Fair,3,Bachelor,Average,10,1,76.1,4.4,1
S1806,24,Female,3.2,2.9,2.1,0,85.2,4.6,Good,1,Bachelor,Good,2,1,40.3,5,1
S1807,17,Female,3.3,1.8,0,0,70.3,4.7,Poor,2,High School,Average,7,1,65.2,1.8,1
S1808,22,Male,3.2,0.3,4,1,67.3,5.3,Good,3,High School,Good,1,0,43.9,4.3,2
S1809,21,Female,5.2,2.8,3.2,0,88.7,5.4,Good,0,Bachelor,Good,7,1,89.5,6,1
S1810,19,Male,4.4,0.2,1.4,0,81.2,5.4,Good,1,High School,Average,10,0,80.7,1.5999999999999999,0
S1811,19,Female,0,2.4,0.6,1,87,7.1,Good,4,High School,Average,5,0,53,3,2
S1812,17,Female,4.5,0.9,2.2,0,84.8,5.9,Good,0,Bachelor,Good,1,0,70.6,3.1,0
S1813,20,Female,3.8,4.9,1.9,0,75.2,6.3,Poor,5,High School,Average,6,0,65.5,6.800000000000001,0
S1814,20,Male,3.5,3.6,2.2,0,84.5,7.6,Fair,3,High School,Average,7,0,75.1,5.800000000000001,0
S1815,21,Female,2.9,2.6,2,0,72.7,5.6,Poor,1,Master,Good,1,0,43.5,4.6,0
S1816,17,Female,5.2,4,2.4,0,98.9,6.2,Fair,1,High School,Average,9,0,80.6,6.4,0
S1817,19,Female,4.9,1.5,3.4,0,71.4,6.9,Good,6,High School,Good,7,1,88.2,4.9,1
S1818,20,Male,2.3,3.2,2.4,0,83,4.2,Fair,6,Bachelor,Poor,1,1,48.5,5.6,1
S1819,17,Male,4.1,2.7,0.6,0,74.6,3.6,Fair,0,Bachelor,Good,3,0,67.3,3.3000000000000003,0
S1820,23,Male,2,2.8,3.3,0,90.7,6.9,Fair,1,Master,Poor,5,0,50.7,6.1,0
S1821,20,Male,1.4,4,3.6,0,81.7,7.1,Good,3,Master,Poor,4,0,35.4,7.6,0
S1822,22,Female,2.6,3.4,5.3,0,79.8,9,Poor,0,Bachelor,Good,2,0,49.1,8.7,0
S1823,23,Male,4.8,2.8,0.6,0,93.5,6.7,Fair,4,High School,Good,1,0,85.4,3.4,0
S1824,24,Other,4.9,0.5,2.1,0,85.3,7.5,Poor,0,None,Average,4,0,83.9,2.6,0
S1825,20,Male,4.3,1.3,0,1,90.2,6.3,Good,0,High School,Average,7,0,90.4,1.3,2
S1826,19,Male,4.6,2.4,2.4,0,75.2,6.9,Poor,4,High School,Good,4,0,87.8,4.8,0
S1827,18,Female,4.3,2.6,1.2,0,71,8.5,Good,5,Bachelor,Average,9,0,87.5,3.8,0
S1828,23,Female,2.5,1.1,3.9,0,86.1,4,Fair,6,Bachelor,Good,8,0,58.2,5,0
S1829,24,Female,4.1,5.4,0.9,0,81.8,7,Poor,3,None,Good,8,1,73.2,6.300000000000001,1
S1830,21,Female,4.7,4.3,0,0,91.3,9.1,Good,5,Bachelor,Good,5,0,83.5,4.3,0
S1831,21,Female,4.6,3.2,1.3,0,84.2,6.8,Poor,5,High School,Average,1,1,77.6,4.5,1
S1832,19,Male,5.3,2.6,0,1,87.1,8.5,Fair,5,High School,Average,9,1,98.4,2.6,3
S1833,20,Other,4.6,2.2,2.6,0,68.8,5.7,Poor,6,Bachelor,Good,2,0,78.5,4.800000000000001,0
S1834,17,Other,4,1.4,0,1,100,6.5,Fair,2,High School,Poor,6,1,81.1,1.4,3
S1835,20,Female,5.1,2.6,1.8,0,83.4,6.5,Fair,6,High School,Average,10,0,100,4.4,0
S1836,19,Male,3.5,2.8,0,0,92,3.8,Fair,5,None,Poor,5,1,58.7,2.8,1
S1837,21,Female,2.2,1,1.4,0,76.6,5.1,Poor,2,High School,Poor,10,0,62.6,2.4,0
S1838,20,Male,3.3,2.9,3.6,0,88.1,5.2,Fair,4,Bachelor,Average,8,1,60.3,6.5,1
S1839,21,Male,2.4,2.3,2.2,0,72,7.5,Good,6,Master,Average,3,0,63.9,4.5,0
S1840,23,Male,2.5,0.2,0.9,1,89.5,7.5,Good,3,High School,Good,6,1,80,1.1,3
S1841,24,Male,3.3,1.5,1.8,1,81.4,6.9,Fair,5,High School,Average,6,0,62.6,3.3,2
S1842,17,Female,2.3,2,1.8,0,85.3,7.5,Fair,1,Bachelor,Average,10,0,71.4,3.8,0
S1843,23,Female,3,4.8,2.3,1,92,6.3,Fair,4,Master,Poor,3,0,60.6,7.1,2
S1844,21,Female,0.7,3.2,0.3,1,72.7,7.9,Fair,2,High School,Good,7,1,47.2,3.5,3
S1845,21,Male,3.8,0.9,2.5,0,78.2,6.5,Poor,6,High School,Average,4,1,78.1,3.4,1
S1846,18,Male,3.5,3.1,0,0,89.6,6.6,Fair,3,Bachelor,Good,5,1,75.5,3.1,1
S1847,18,Male,2.3,0.6,1.1,0,100,6.2,Fair,0,Bachelor,Good,9,0,73.5,1.7000000000000002,0
S1848,23,Other,4.5,3.8,1.3,0,83.6,7.3,Fair,3,High School,Poor,6,0,74.6,5.1,0
S1849,22,Male,4.9,1.9,2.5,0,90.9,6,Fair,3,Bachelor,Average,10,0,98.7,4.4,0
S1850,23,Female,1.1,2.4,1.8,0,83.9,7.7,Good,5,High School,Average,4,1,49.2,4.2,1
S1851,18,Female,2.4,4.1,0.3,0,100,5.1,Poor,5,Bachelor,Good,8,0,67.4,4.3999999999999995,0
S1852,21,Male,2.3,1,0.7,0,67.5,5.2,Good,6,Bachelor,Good,9,0,72.5,1.7,0
S1853,19,Female,2.1,0.8,2,0,85.9,7.3,Good,6,Master,Good,10,1,68.4,2.8,1
S1854,23,Female,4.7,1.8,1.7,0,68.7,6.4,Fair,2,High School,Average,5,0,70,3.5,0
S1855,21,Female,3.2,3.7,1.2,0,59.9,6,Fair,6,High School,Good,2,0,56.1,4.9,0
S1856,19,Female,3.1,0.7,1.3,1,88,7.6,Fair,2,High School,Poor,6,1,81.5,2,3
S1857,19,Male,0.5,0,2.6,1,86.4,5.8,Poor,5,Master,Poor,8,1,45,2.6,3
S1858,18,Male,4.5,2,1.2,1,82.2,6.3,Fair,5,High School,Good,5,1,84.4,3.2,3
S1859,23,Female,1.6,3.2,1.7,0,83.9,8.2,Good,1,High School,Good,1,0,36.8,4.9,0
S1860,20,Female,3.6,3.9,4.2,0,100,8.3,Poor,1,High School,Poor,8,1,65.6,8.1,1
S1861,17,Male,3.9,1.9,0.2,0,82.4,8.4,Fair,4,Bachelor,Poor,9,1,93.5,2.1,1
S1862,18,Female,5.5,2,0,0,90.1,6.2,Good,5,High School,Poor,1,0,93.7,2,0
S1863,18,Female,1.5,3.9,2.7,0,78.5,8,Good,0,High School,Poor,8,1,42.3,6.6,1
S1864,20,Female,0,0.3,1.1,1,88,5.4,Fair,1,High School,Average,10,1,53.3,1.4000000000000001,3
S1865,17,Male,3.8,2,1.4,0,82.6,5.4,Good,2,Master,Good,2,0,65.9,3.4,0
S1866,21,Female,6.2,2.7,0.9,0,80.9,3.7,Fair,3,Bachelor,Good,4,1,87.9,3.6,1
S1867,22,Female,5.4,3,1.5,0,100,8.5,Poor,6,Bachelor,Good,2,0,94.5,4.5,0
S1868,23,Male,3.8,1.9,3.6,0,96.8,5.5,Fair,6,Master,Good,2,0,77.8,5.5,0
S1869,22,Male,2.8,2.5,2.7,1,86.4,6.3,Fair,4,Master,Average,10,0,74.6,5.2,2
S1870,21,Other,4.7,0,2.7,1,62,5.4,Good,1,High School,Good,3,0,67.5,2.7,2
S1871,24,Male,2,1.7,0.2,1,81.4,7.3,Poor,3,Master,Good,8,1,66.5,1.9,3
S1872,18,Female,4.2,3,0.5,0,100,6,Fair,3,None,Average,4,0,78.4,3.5,0
S1873,17,Female,4.3,1.3,0,0,82.7,4.9,Fair,1,High School,Good,7,0,84.9,1.3,0
S1874,18,Male,5.1,2.6,0.9,0,96,7,Fair,0,Master,Average,10,0,96.6,3.5,0
S1875,19,Female,7.6,3,2.9,0,99.4,4.8,Poor,0,High School,Good,3,0,100,5.9,0
S1876,18,Male,4.1,2.1,2.4,0,87.2,5.5,Fair,4,High School,Good,10,0,83.1,4.5,0
S1877,18,Female,2.7,2.7,1.6,0,76.6,4,Good,0,High School,Average,3,0,36.9,4.300000000000001,0
S1878,21,Male,3.5,1.3,1.8,1,60.6,4.8,Fair,4,Bachelor,Good,2,0,60,3.1,2
S1879,21,Female,0.8,2.3,1,0,91.8,6.7,Fair,2,High School,Poor,6,0,44.3,3.3,0
S1880,21,Male,2.5,3.2,2,0,76.9,4.1,Fair,1,Bachelor,Good,6,0,41.6,5.2,0
S1881,22,Male,2.9,2.7,2.6,1,86.8,4.7,Fair,3,Master,Average,1,0,45.5,5.300000000000001,2
S1882,19,Other,2.7,1.8,0,0,72.5,6.5,Fair,4,Bachelor,Poor,7,0,68.2,1.8,0
S1883,24,Male,3.7,2.8,2.1,0,82.3,5.8,Good,6,High School,Average,4,0,75.5,4.9,0
S1884,24,Female,2.3,3.4,2.8,0,85.3,8.9,Good,0,Master,Good,3,0,40.9,6.199999999999999,0
S1885,21,Male,5.2,0,1.3,0,87.7,8.7,Fair,6,High School,Poor,8,0,100,1.3,0
S1886,17,Female,3.5,3.9,2.6,0,73.9,5.5,Fair,4,High School,Good,2,1,65.6,6.5,1
S1887,22,Male,3.5,2.1,4.9,0,97,7.2,Good,5,None,Poor,9,0,75.9,7,0
S1888,20,Other,3,3,1.7,1,79,7.4,Fair,4,Bachelor,Good,8,1,69.8,4.7,3
S1889,17,Male,3.7,3.9,2.2,1,68.3,5.8,Fair,0,High School,Good,8,0,66.6,6.1,2
S1890,23,Male,4.7,0.9,1,1,83.9,4.7,Fair,5,High School,Average,3,0,84.5,1.9,2
S1891,23,Male,2.2,1.6,2,1,85.3,6.5,Good,5,High School,Average,4,1,65.6,3.6,3
S1892,17,Male,2.5,2.2,2.3,0,86.6,6.3,Fair,0,High School,Good,2,0,46.8,4.5,0
S1893,21,Female,3,1.6,2,0,98.6,6,Good,5,Bachelor,Good,2,0,67.7,3.6,0
S1894,20,Male,1.5,4.6,0.7,1,82.6,7,Good,1,Bachelor,Good,4,1,45.4,5.3,3
S1895,20,Female,2.3,1.5,2,0,83.8,5.6,Fair,3,Bachelor,Average,6,0,57,3.5,0
S1896,22,Male,2.8,1.8,3.4,1,74,5.1,Good,6,High School,Average,5,0,58.4,5.2,2
S1897,20,Male,4.8,2.7,2.3,0,93.2,6.6,Good,1,High School,Good,1,1,70.8,5,1
S1898,23,Female,3.9,1.1,2.9,0,86.8,7,Fair,1,Master,Average,10,0,75.7,4,0
S1899,19,Female,3.8,2,1.5,0,80.8,5.1,Poor,0,None,Average,1,0,55.7,3.5,0
S1900,21,Male,4.8,2.9,2.6,0,66,7.6,Poor,0,Master,Average,6,1,82.1,5.5,1
S1901,20,Male,3.3,2.1,2.1,0,99.4,4.4,Fair,6,High School,Good,3,1,71.4,4.2,1
S1902,22,Male,4.1,2.4,0.8,0,72.7,5.8,Fair,3,Master,Good,3,0,66.7,3.2,0
S1903,23,Female,3.3,1.9,2.2,0,79.1,6.2,Fair,4,High School,Average,7,0,70.9,4.1,0
S1904,19,Female,3.9,0.7,0.7,1,88.6,5.7,Poor,1,High School,Poor,1,1,73,1.4,3
S1905,18,Male,2.6,2.9,1.1,1,73,5.8,Good,5,Bachelor,Poor,1,1,53.9,4,3
S1906,18,Female,0,4.6,2,1,70.1,8.7,Fair,3,Bachelor,Average,10,0,43.4,6.6,2
S1907,19,Female,3.3,2.5,2.1,0,63.8,5.5,Fair,1,High School,Average,3,0,55.4,4.6,0
S1908,23,Female,5.6,2.8,0.5,1,92.2,9.4,Fair,4,Bachelor,Good,8,0,100,3.3,2
S1909,22,Female,4.9,3.3,3,0,79.5,7,Fair,5,Bachelor,Average,1,0,71.8,6.3,0
S1910,19,Male,4.9,1,2.4,0,100,6.6,Fair,1,None,Average,10,0,89.2,3.4,0
S1911,21,Male,5.4,4.5,1,0,75.1,7.1,Fair,2,None,Good,4,0,83.9,5.5,0
S1912,21,Male,3.6,2.7,0.1,0,75.8,9.5,Poor,6,High School,Average,9,0,89.1,2.8000000000000003,0
S1913,18,Male,3.8,4.5,1.6,1,79.3,5.3,Good,3,High School,Good,4,0,53.5,6.1,2
S1914,20,Female,2.6,1.6,1.3,1,87.4,5.2,Good,6,Bachelor,Poor,10,0,72.9,2.9000000000000004,2
S1915,22,Female,3,4.7,1.9,0,80.3,5.6,Fair,0,High School,Average,8,0,61,6.6,0
S1916,18,Male,4.4,3.4,1.4,0,91.1,6.5,Good,1,High School,Good,7,0,69.1,4.8,0
S1917,20,Male,5.3,3.2,0,0,75.2,4.4,Good,5,High School,Good,3,0,77.2,3.2,0
S1918,20,Male,3.3,2.8,1.4,1,71.2,6.5,Poor,5,Bachelor,Average,7,0,71.9,4.199999999999999,2
S1919,24,Female,2.8,2.2,1.5,0,67,8.5,Good,3,High School,Good,7,1,74.7,3.7,1
S1920,21,Male,3.5,3.9,2.5,1,62.8,6.7,Good,3,None,Good,10,0,74.5,6.4,2
S1921,23,Female,4.4,2.7,1,0,79.8,6.1,Fair,6,None,Average,3,0,85.4,3.7,0
S1922,17,Male,1.3,0.1,3.6,0,82,5.8,Poor,5,Master,Average,2,1,44.3,3.7,1
S1923,23,Male,0.1,1.2,0,0,78.7,7.6,Poor,5,High School,Good,9,0,53.4,1.2,0
S1924,17,Other,2.7,2.3,3.2,1,97.4,5.5,Poor,5,Bachelor,Average,1,1,57.4,5.5,3
S1925,19,Other,1.7,2.9,1.6,1,97.3,8.7,Good,1,None,Good,7,0,53.6,4.5,2
S1926,21,Male,2.7,2.4,2.7,0,81.7,8.8,Fair,5,High School,Good,4,1,58.8,5.1,1
S1927,20,Female,3.3,4,1.9,0,67.1,6.8,Good,0,Bachelor,Good,2,0,43.5,5.9,0
S1928,22,Female,2.8,0.2,3.1,0,79.3,6.5,Good,5,High School,Average,2,0,65.6,3.3000000000000003,0
S1929,17,Female,5.7,2.7,1.4,0,79,7.7,Good,0,Master,Average,8,1,89.8,4.1,1
S1930,23,Male,4,0.3,0.6,0,78.4,7.8,Good,1,Master,Good,7,0,89.5,0.8999999999999999,0
S1931,20,Female,4,3.4,3.4,1,78,5.5,Poor,3,Bachelor,Average,7,1,68.8,6.8,3
S1932,17,Female,4.4,2.4,1.7,0,78.5,5.9,Fair,0,Bachelor,Average,5,0,76.8,4.1,0
S1933,17,Female,1.8,3,2,0,81.1,4.9,Good,1,High School,Average,10,0,47.5,5,0
S1934,24,Male,5.1,1.5,3.2,0,78.6,7,Poor,5,High School,Poor,8,1,89.3,4.7,1
S1935,17,Male,3.4,4,0.7,1,87.1,7.3,Poor,1,Master,Good,2,0,62,4.7,2
S1936,22,Male,4.5,3.8,2.5,0,88.6,4.9,Good,5,Bachelor,Average,2,1,66.1,6.3,1
S1937,21,Female,1.9,3.2,1.2,0,75.9,6,Good,6,Bachelor,Good,5,0,41.7,4.4,0
S1938,22,Male,1.2,2.3,1.7,0,97.7,4.9,Fair,1,High School,Poor,1,0,28,4,0
S1939,18,Female,4.7,3.2,1.9,0,75.2,5.4,Good,3,None,Good,6,0,71,5.1,0
S1940,20,Other,4.1,1.7,0.1,1,68.8,7.2,Good,0,Master,Average,4,0,67.5,1.8,2
S1941,21,Male,2.1,3.5,0.9,0,88.8,5.6,Fair,6,High School,Good,6,0,63.4,4.4,0
S1942,24,Female,2.2,4.5,3.3,0,76.8,6.1,Poor,3,High School,Good,7,0,50.2,7.8,0
S1943,21,Male,5.2,3.8,2.8,0,88.2,4.5,Good,2,High School,Poor,3,0,72,6.6,0
S1944,21,Female,1.7,1.6,1.7,0,61,6.7,Fair,5,Bachelor,Good,8,1,67.9,3.3,1
S1945,23,Male,6,2.9,2.1,1,98.9,6.4,Poor,0,None,Average,7,0,100,5,2
S1946,21,Female,2.1,0.9,1.5,0,91.7,5.6,Fair,3,Bachelor,Good,1,1,55,2.4,1
S1947,24,Female,4.5,3.2,3.3,1,70,6.3,Good,0,High School,Good,6,1,59.9,6.5,3
S1948,22,Female,3,3,1.6,0,70.2,6.7,Fair,2,Master,Good,7,0,63.2,4.6,0
S1949,21,Female,4.4,0.3,2.1,0,100,5.5,Fair,4,Bachelor,Good,4,0,84.5,2.4,0
S1950,19,Female,2.7,1.1,3.1,0,77.6,4.7,Fair,5,High School,Average,2,0,50.8,4.2,0
S1951,20,Female,3.3,2.2,0.9,0,76.7,8.7,Good,5,Bachelor,Poor,10,0,94,3.1,0
S1952,21,Female,3.6,2.1,3.5,1,62.3,5.7,Poor,1,High School,Average,9,0,65.6,5.6,2
S1953,20,Female,2,1,0.1,0,81.5,6.4,Fair,5,High School,Average,7,0,61.7,1.1,0
S1954,19,Male,4.6,3,3.6,0,82.7,7.7,Good,5,Master,Good,1,1,66,6.6,1
S1955,19,Female,2.7,2.8,1.4,1,92.2,10,Poor,3,High School,Average,8,0,86.9,4.199999999999999,2
S1956,20,Female,3.2,2.3,1.5,0,71,5,Good,6,High School,Good,3,0,59.6,3.8,0
S1957,17,Female,2,1.6,0,0,69.8,7,Good,5,High School,Average,4,0,49.1,1.6,0
S1958,18,Male,0,3.8,1.3,1,89.5,5.7,Good,5,High School,Average,5,0,31.1,5.1,2
S1959,23,Female,3.2,4.5,0.7,0,95.1,5.9,Fair,2,Master,Good,1,0,45.7,5.2,0
S1960,17,Male,7.1,1.9,1.1,1,69.3,5.6,Good,6,High School,Average,6,0,100,3,2
S1961,17,Female,4.7,1.8,1.6,0,95.8,5.1,Good,2,Master,Good,10,0,81.1,3.4000000000000004,0
S1962,22,Male,3.5,3.1,2.9,1,85.4,6.5,Good,0,Master,Average,6,0,55.1,6,2
S1963,23,Female,3.1,2.1,2,0,95.9,4.7,Poor,0,High School,Good,2,0,53.3,4.1,0
S1964,23,Other,3.5,2.3,2.1,0,84.3,7.6,Good,5,High School,Poor,10,1,89.1,4.4,1
S1965,17,Male,4.3,3.4,0.6,0,59.8,6.6,Fair,5,Master,Average,6,1,77.3,4,1
S1966,21,Other,1.7,0.2,0.8,0,83.5,7,Poor,1,High School,Good,8,1,56.4,1,1
S1967,22,Male,5.2,4.1,3.8,0,95.6,5.9,Fair,0,None,Good,6,0,76.1,7.8999999999999995,0
S1968,22,Female,4.6,2.6,1,0,76.1,6.1,Good,3,High School,Average,4,0,74.6,3.6,0
S1969,19,Female,4.6,2,3.6,1,81.1,6.8,Fair,5,Bachelor,Average,4,0,83,5.6,2
S1970,24,Female,4.2,2.4,1.5,0,83.2,5.1,Fair,3,Bachelor,Average,9,1,85.9,3.9,1
S1971,23,Female,3.5,2.5,1.8,0,56,6.1,Good,5,High School,Average,6,0,64.5,4.3,0
S1972,17,Female,4.5,0.4,3,0,100,5.5,Fair,3,High School,Good,8,0,91.9,3.4,0
S1973,19,Male,4.4,4.3,3.2,0,76,5.4,Good,4,Master,Good,8,0,74.6,7.5,0
S1974,20,Male,3,2.5,1.7,0,90.1,4,Fair,3,Bachelor,Poor,7,0,70.9,4.2,0
S1975,18,Female,2.6,3,1.4,0,84.1,8.1,Fair,6,Bachelor,Average,3,0,66.7,4.4,0
S1976,24,Female,3.7,3.6,1.7,0,97.6,5.7,Good,0,Bachelor,Good,10,1,77.4,5.3,1
S1977,24,Female,5.8,1.3,2.2,1,89.1,7.9,Good,5,High School,Average,1,1,99,3.5,3
S1978,24,Female,1.6,3.1,2.8,0,82.7,7.8,Fair,0,Bachelor,Good,5,1,43.5,5.9,1
S1979,22,Male,1.3,2.2,1.8,0,76.1,5,Good,6,High School,Poor,10,0,53.4,4,0
S1980,20,Female,3.7,3.5,2.5,0,93,5.2,Poor,6,High School,Good,10,1,81,6,1
S1981,24,Male,3.6,0,3.6,0,66.3,9.6,Fair,3,Bachelor,Average,2,0,66.2,3.6,0
S1982,20,Female,3.8,2.4,2.2,1,91.5,8.6,Fair,2,High School,Good,10,0,88,4.6,2
S1983,21,Male,3.9,1.8,2.1,0,74,6.5,Poor,2,Master,Average,2,0,64.4,3.9000000000000004,0
S1984,24,Male,3.2,3,0.1,0,97.5,6.8,Fair,6,High School,Average,7,0,82.4,3.1,0
S1985,18,Male,5.7,3.1,0,1,86.6,5.7,Fair,2,Master,Good,3,1,80.9,3.1,3
S1986,20,Male,1.1,1.7,2.2,0,91.4,7,Poor,5,Master,Poor,8,0,59.6,3.9000000000000004,0
S1987,20,Female,2.3,1.6,1.7,1,85.8,5.6,Fair,1,High School,Average,9,0,56.2,3.3,2
S1988,18,Male,3.3,2.4,1.2,0,67.5,4.1,Fair,4,Bachelor,Average,8,1,72.5,3.5999999999999996,1
S1989,24,Male,1,1.4,2.1,1,76.4,4.9,Fair,3,High School,Average,6,0,47.6,3.5,2
S1990,18,Male,3.2,3.5,1.7,0,91.7,6.5,Good,1,Master,Good,5,0,63.6,5.2,0
S1991,20,Male,6,2.1,3,0,86.7,5.1,Good,2,High School,Good,3,0,85.3,5.1,0
S1992,18,Male,3.5,0,1.9,0,96.8,6.4,Fair,3,Bachelor,Poor,3,0,71.8,1.9,0
S1993,20,Male,3.8,2.1,1,0,89,5.2,Good,1,High School,Good,7,0,70.9,3.1,0
S1994,20,Female,1.6,1.3,2.9,0,75.3,5.6,Good,0,High School,Average,5,0,41.7,4.2,0
S1995,21,Female,2.6,0.5,1.6,0,77,7.5,Fair,2,High School,Good,6,1,76.1,2.1,1
S1996,17,Female,2.9,1,2.4,1,86,6.8,Poor,1,High School,Average,6,1,65.9,3.4,3
S1997,20,Male,3,2.6,1.3,0,61.9,6.5,Good,5,Bachelor,Good,9,1,64.4,3.9000000000000004,1
S1998,24,Male,5.4,4.1,1.1,1,100,7.6,Fair,0,Bachelor,Average,1,0,69.7,5.199999999999999,2
S1999,19,Female,4.3,2.9,1.9,0,89.4,7.1,Good,2,Bachelor,Average,8,0,74.9,4.8,0
